Track Name,Tempo Mean,Chroma Mean,Chroma Std,RMS Mean,RMS Std,Mel Spectrogram Mean,Mel Spectrogram Std,Zero Crossing Rate Mean,Zero Crossing Rate Std,Spectral Centroid Mean,Spectral Centroid Std,Spectral Bandwidth Mean,Spectral Bandwidth Std,Spectral Contrast Mean,Spectral Contrast Std,Spectral Flatness Mean,Spectral Flatness Std,Spectral Rolloff Mean,Spectral Rolloff Std,Genre
Dibine Kadar-Duman,143.5546875,0.37433085,0.30235583,0.27533036,0.053717118,17.196232,95.41922,0.10089187622070313,0.025059839608949436,2492.3302163078806,297.80695550169764,2641.3286038192855,145.9197280862161,21.717825041485156,10.597006218909067,0.021777308,0.011381445,5553.253269195557,667.2645508109688,Rock
Yürek-Duman,86.1328125,0.38697898,0.2836523,0.22877808,0.05115442,11.953957,54.153828,0.09893150329589843,0.030266318020036195,2259.3671688798463,444.0306689994218,2470.420892489791,312.6910732380126,22.402347655479375,11.763572816673427,0.018697968,0.01878512,4808.397903442383,1252.6019709367865,Rock
Senden Daha Güzel-Duman,89.10290948275862,0.3738256,0.29677135,0.25581717,0.10144566,15.282061,95.40888,0.12772445678710936,0.0627011249971427,2381.7324539600945,744.5571184988174,2277.3014758966406,513.2164470009228,22.94949177866445,11.62316928518899,0.01679554,0.022227602,4676.843490600586,1669.8941018655887,Rock
Öyle Dertli-Duman,95.703125,0.37337735,0.2879492,0.2890942,0.03448283,17.984385,64.78332,0.11055412292480468,0.03148352486350285,2396.271416511102,469.58068232048197,2514.480644476811,280.7176998230257,22.209500483208338,12.459183254031647,0.02397284,0.020166734,4994.012432098389,1191.6164369981275,Rock
Elleri Ellerime-Duman,117.45383522727273,0.4194601,0.28818893,0.24324813,0.056773618,13.520436,76.73162,0.10808296203613281,0.036219643778848294,2415.701341236995,523.6623167928099,2649.892185446158,321.4875444121926,22.69963921681226,10.695011401878952,0.018764911,0.018032728,5404.3377113342285,1408.0688719342459,Rock
Kolay Değildir-Duman,107.666015625,0.3456442,0.28307575,0.21645181,0.027960125,9.77902,36.126724,0.11983108520507812,0.02717283698533139,2322.1949688742875,368.09028691686547,2607.1489085592316,287.91256038189476,24.098812950360635,10.726956404534072,0.012041004,0.010871708,4955.917167663574,1261.36396377977,Rock
Helal Olsun-Duman,75.99954044117646,0.3590425,0.27951908,0.27848178,0.030381069,16.299723,65.293304,0.1133087158203125,0.019517149365190646,2221.3763168925307,302.82130654569676,2296.0423789443967,282.19242900798463,22.749353649094942,10.802213166841351,0.015493843,0.009973844,4455.093555450439,1043.7292890470492,Rock
Vals-Duman,161.4990234375,0.3645604,0.29533827,0.26338243,0.051074807,16.04608,87.65215,0.08089942932128906,0.028374677589551076,2155.0147026223417,468.5696551073157,2500.32744687089,315.2002751265182,22.795258453492632,11.023210665663127,0.011676142,0.010624186,4718.530426025391,1331.8859602339573,Rock
Melankoli-Duman,117.45383522727273,0.32430726,0.28966397,0.20079765,0.04880888,9.277907,47.864,0.09684066772460938,0.037291333848960266,2299.8039849825213,613.8924812111349,2486.838471843685,422.58895549234575,23.88520762071052,11.718366911946342,0.015373772,0.016876802,5038.592891693115,1469.7420668991685,Rock
Sor Bana Pişman mıyım-Duman,117.45383522727273,0.36092365,0.29179844,0.2905367,0.070668496,20.561985,124.12065,0.06069755554199219,0.028474457645557397,1556.511796713158,584.4576728523768,2031.7807155757705,507.76390884195695,23.818673778786724,11.64058186962338,0.005396157,0.009638353,3240.6713676452637,1506.549477322058,Rock
İyi de Bana Ne-Duman,117.45383522727273,0.37805986,0.2950384,0.17631003,0.077361934,8.365583,69.92799,0.07673225402832032,0.030858529637530087,1745.4396365314872,384.80960960304884,2142.8487845246746,364.6633925873732,23.881446448115984,11.02464214317157,0.0043756072,0.004891454,3479.3198204040527,1033.5519902626456,Rock
Gönül İster-Duman,117.45383522727273,0.3857256,0.28382045,0.2723598,0.08281606,17.808212,75.0079,0.09249305725097656,0.02893741367721514,2183.777569197796,464.88316426484334,2529.748866647307,364.9202863291602,22.7936507147453,11.290737774048216,0.016229462,0.0125633655,4932.508220672607,1298.9402256312783,Rock
Bu Aşk Beni Yorar-Duman,117.45383522727273,0.39117724,0.28304446,0.22173877,0.04564718,11.159412,64.19043,0.10057830810546875,0.0339263785278921,2391.9461541113255,472.35569878313316,2655.503915948386,250.9998884066151,24.00045798012953,11.33216324078901,0.016267039,0.014385655,5309.684143066406,1214.4527088211273,Rock
Seviyorsan İnanıyorsan-Duman,151.99908088235293,0.37844092,0.28040096,0.26705694,0.030192487,14.875829,51.56672,0.1290721893310547,0.026836274545990448,2539.9927159267436,349.04654766717044,2482.4153367001886,238.1657298925078,21.914425670502187,12.10374003381238,0.029227275,0.017861953,5218.3867263793945,761.7058646950729,Rock
Balık-Duman,99.38401442307692,0.4051868,0.2937934,0.30246192,0.081293225,19.658844,101.57426,0.11467056274414063,0.040900248356899115,2148.07690110623,502.9484103522775,2131.119525733079,351.7485095398271,23.387657490268737,11.354852713170034,0.011287069,0.016512876,4068.5389137268066,1172.7978251767283,Rock
Gönül-Duman,135.99917763157896,0.3799618,0.2859008,0.32636085,0.060114134,22.957256,113.119,0.1255023956298828,0.04949200015658987,2480.8373668708423,549.808251122104,2445.970115167922,258.06164119967707,23.12447315657116,12.3887970967242,0.021501817,0.025042018,5061.968193054199,1091.502540282749,Rock
Senin Marşın-Duman,112.34714673913044,0.35018703,0.29391158,0.26256782,0.06620591,15.962773,84.60351,0.10170516967773438,0.0406382335646057,2299.646942020953,582.4963891204928,2462.002480272069,380.64537402291364,22.873056715449952,11.106592503906418,0.0184466,0.022070788,4927.495021820068,1321.7898407493956,Rock
Sarhoş-Duman,117.45383522727273,0.3668172,0.29598376,0.25349888,0.069440655,15.32587,94.48009,0.09715194702148437,0.03561261622147776,2317.852785952024,547.6239326641354,2506.5805407873795,331.8750382821816,23.455134515686385,11.140416875339518,0.013587959,0.013274551,5046.987476348877,1143.679973389987,Rock
Neredesin Sen-Kurtalan Ekspres,92.28515625,0.33491668,0.2954239,0.23239967,0.051511656,12.819896,66.21575,0.06145896911621094,0.034236802165258484,1560.4429591646715,518.4319316933004,2116.375188472533,425.6264335231192,24.574861438582484,11.141107760488289,0.0037099652,0.00803731,3329.63041305542,1326.7835780106277,Rock
Sevdim Desem-Duman,95.703125,0.44692567,0.2823301,0.21948834,0.06336189,10.733828,50.567745,0.121795654296875,0.03817310384286254,2269.630665496582,507.337573134437,2337.397400781436,338.70106043669756,22.150309844169676,11.280243004027732,0.02044112,0.019882493,4557.342624664307,1206.5545771231198,Rock
Cevapsız Sorular-maNga,95.703125,0.3487077,0.28972965,0.26455173,0.10760457,16.41852,81.15091,0.12674102783203126,0.05613755817219066,2562.4760081698414,718.8569121796219,2534.219154245375,394.5742764741113,23.04064446196179,11.202744734987796,0.026704568,0.02708308,5425.938205718994,1500.0637588922536,Rock
Dursun Zaman (feat. Göksel)-maNga,92.28515625,0.3818987,0.28730413,0.22236447,0.054861348,11.183618,48.886814,0.12131423950195312,0.058148759049560614,2545.636867074233,745.568063721697,2646.7584619184877,385.68619139257555,21.84451388060086,11.85269813258782,0.02874068,0.028340872,5577.789344787598,1463.730852684922,Rock
Işıkları Söndürseler Bile-maNga,143.5546875,0.46423742,0.2714536,0.29644585,0.057362642,19.700739,92.371765,0.12196807861328125,0.0559633106474807,2663.8811056330596,715.3593178376382,2660.206393265243,299.6173411518622,21.207557208099015,11.760573853317362,0.034216207,0.028743487,5677.237415313721,1257.2865508648517,Rock
Yine Yeni Yeniden - Yeniden Sev-maNga,135.99917763157896,0.4697054,0.2767438,0.3038934,0.07649277,21.47532,128.12,0.11567764282226563,0.03811648469622937,2756.4313555857107,416.28425424505525,2749.770002506623,189.67288131105028,22.139400810749574,11.38761730718053,0.026369995,0.016818037,6068.9482498168945,730.4765020763234,Rock
Dünyanın Sonuna Doğmuşum-maNga,135.99917763157896,0.3382101,0.2885628,0.30786762,0.06602932,19.2273,91.28667,0.1529712677001953,0.04167096102502312,2801.7813390226843,458.6167790196971,2508.218789135501,214.96765265974477,22.509858119730882,11.506441718446151,0.035821028,0.029600358,5650.699424743652,837.0414708831674,Rock
Bir Kadın Çizeceksin-maNga,123.046875,0.37664708,0.29167047,0.2225465,0.07383062,11.748542,56.916367,0.10626487731933594,0.05334463614749666,2302.7372460296365,792.7417083148354,2410.280080028494,464.4846397469616,22.164521785964105,12.19642160246885,0.024945946,0.024477905,4814.336357116699,1716.7859512193706,Rock
We Could Be The Same - Istanbul-maNga,135.99917763157896,0.37408447,0.2844436,0.27383024,0.06721045,16.17731,77.99588,0.14493293762207032,0.05101746993753988,2876.7329395302695,609.2606760862905,2693.677189565632,284.9583760811646,22.373611461022072,11.684890671601384,0.037719563,0.027353212,6086.965484619141,1024.4907031222208,Rock
Yad Eller-maNga,135.99917763157896,0.4305872,0.27440208,0.2410477,0.05555101,12.070608,66.97632,0.16594390869140624,0.04756234482712158,3009.209268173155,491.9228042602482,2624.3861716703914,208.7788281393781,21.669686068596743,12.281699858388569,0.047003355,0.028277123,6038.843822479248,725.2235140733314,Rock
Beni Benimle Bırak-maNga,151.99908088235293,0.36694977,0.29058003,0.27972212,0.06971987,16.719498,86.51923,0.1393901824951172,0.050433813354895045,2714.777614289959,538.1996282002088,2579.815891636029,222.39339739011734,22.63961672066169,11.175843595009308,0.030591423,0.02711876,5628.9643478393555,972.0765619730169,Rock
Haykıracak Nefesim Kalmasa Bile-maNga,129.19921875,0.4460635,0.28048226,0.1805515,0.055754766,7.706529,46.146797,0.133837890625,0.07494286755212576,2845.0893793667847,784.21405727179,2792.151618329325,259.23605629332553,22.05864989189995,12.039944274948967,0.035374533,0.03146233,6229.210796356201,1173.3561388697021,Rock
Hint Kumaşı-maNga,143.5546875,0.44900444,0.27891546,0.27526736,0.056549843,17.054552,93.91146,0.12598114013671874,0.03613950277585649,2807.582542610115,423.251498472005,2766.345188876775,183.8071171863787,20.944606314698103,11.811114191630686,0.035190247,0.018866288,6210.697288513184,693.8506569139261,Rock
Bitti Rüya-maNga,89.10290948275862,0.39581618,0.27479008,0.2308275,0.053936776,10.892393,44.236855,0.16432571411132812,0.06206026962133555,2997.892985942097,687.4554524675527,2652.4235058759964,331.10480900369276,21.819799126520742,11.980153702061898,0.04537828,0.032172646,6076.013832092285,1087.1105281441069,Rock
Her Aşk Ölümü Tadacak-maNga,129.19921875,0.40560517,0.2865175,0.3272423,0.055640586,21.666624,92.10192,0.15177230834960936,0.0443227388504266,2900.9089387591275,508.5324312175895,2701.1875560075314,244.80808752303173,21.88674977819834,11.36253670016201,0.043506518,0.032669734,6136.1301612854,936.4768392074736,Rock
Fly to Stay Alive-maNga,75.99954044117646,0.41685912,0.27701047,0.31628984,0.059472136,21.041199,97.72182,0.16160507202148439,0.0470466978381823,3034.2584278919703,529.9361177450263,2756.972313056146,231.96271308622096,21.724907599063606,11.709710833554514,0.0456659,0.02758938,6296.55252456665,853.4028541914134,Rock
El Aman-maNga,69.83741554054055,0.38434762,0.28400406,0.2963333,0.06585221,20.66407,93.91767,0.08286666870117188,0.028976979735278758,2092.0733653056836,437.40993775887154,2387.217066114506,260.02495247764506,22.931626515178298,12.242163414689317,0.012459757,0.011386578,4759.393043518066,943.1833809263397,Rock
İz Bırakanlar Unutulmaz (feat. Vega)-maNga,112.34714673913044,0.40908304,0.2902195,0.23393854,0.09662368,13.244519,74.02376,0.102056884765625,0.05592037851282343,2203.509025065906,833.5639191222873,2199.7545494094934,651.2322461834927,22.500041237574482,11.33094885734891,0.020703506,0.024207363,4531.923351287842,1652.6495479713608,Rock
Alışırım Gözlerimi Kapamaya-maNga,92.28515625,0.31521448,0.28038472,0.2891122,0.0573894,17.522024,76.29528,0.1404296875,0.0357006655206943,2720.241077097403,400.80932772143086,2550.589638725328,211.07887616519028,23.034001939584698,12.128099570479753,0.031412803,0.022512069,5594.191589355469,808.4708229514848,Rock
Fazla Aşkı Olan Var Mı?-maNga,151.99908088235293,0.4507141,0.27409914,0.31060332,0.040071614,21.837091,95.295204,0.09147682189941406,0.02405034962074714,2440.8709007326456,352.2371824815188,2631.2435727928946,217.61750679196177,21.196763638800178,12.281701621071148,0.021154199,0.012938693,5472.3944091796875,787.5195459532969,Rock
Şimdi Göğe Dolduk-maNga,129.19921875,0.35690007,0.28703037,0.2563095,0.063502,14.451686,70.47562,0.13264884948730468,0.05133540910693723,2595.8140769129213,489.75902638337527,2488.744297725778,171.869253685056,22.733080452616488,12.233349664127665,0.02622435,0.021413445,5422.968978881836,701.7354086231704,Rock
Yalan-maNga,95.703125,0.39322364,0.28129348,0.2529122,0.038459387,13.271072,50.02128,0.13810195922851562,0.04007467737918719,2664.2440776311437,482.2568316556797,2548.645660240193,232.2075014991564,22.191329478957574,12.49698910469223,0.031603795,0.0225009,5546.440029144287,982.653383592685,Rock
Hayat Bu İşte-maNga,89.10290948275862,0.3351256,0.2820992,0.28038144,0.057642546,17.123333,69.98954,0.1200286865234375,0.03688819612260996,2438.912450375351,490.6224694751522,2463.5511289837714,306.43740338758903,22.767263704340028,12.12444012607077,0.02286155,0.021292413,5186.936473846436,1125.8571567787988,Rock
En Güzel Şarkım-maNga,107.666015625,0.45068446,0.28011486,0.2850298,0.064532265,18.912695,99.90319,0.10180511474609374,0.05260393821858304,2321.3171931835345,744.1789722042168,2457.655021652111,385.47212938416914,21.982276844508377,12.268803245442225,0.019144844,0.0233469,4940.566349029541,1385.9635698295174,Rock
Alacaklı Topraklar-maNga,117.45383522727273,0.4442752,0.25823313,0.23271425,0.060861215,11.401812,47.994316,0.1341644287109375,0.03881384757350865,2261.386612492423,450.15797763812344,2094.7948244184468,326.4698784221933,22.20235531454396,12.739776420172598,0.022069285,0.019960308,4328.838329315186,943.7943128583557,Rock
Kandırma Kendini-maNga,117.45383522727273,0.45747226,0.2730816,0.3289599,0.07668397,24.717213,118.426216,0.10858840942382812,0.03498162304129511,2454.7591885343095,468.3188673806827,2525.7241955754844,265.86283846154714,21.434873536307194,12.712787948616832,0.021759968,0.018383224,5303.855037689209,984.3244047343472,Rock
Zor-maNga,123.046875,0.33374676,0.27289563,0.29788843,0.056532677,20.034794,107.86973,0.10379409790039062,0.02583900712647309,2368.2732987751224,372.45232380682256,2453.015665723263,234.26801903577288,23.73755546591459,11.890535486056296,0.0162144,0.013776406,5020.213966369629,822.5117288840478,Rock
Ben Bir Palyaçoyum-maNga,135.99917763157896,0.39007238,0.28792474,0.22984552,0.04336087,11.15431,47.70406,0.13685188293457032,0.05188603953546242,2697.2026336262215,575.9542846425326,2536.759169729281,339.5810197433974,23.1402902459897,11.502967436339057,0.030443529,0.027732855,5589.708309173584,1128.37782007263,Rock
Batan Dünyanın Malları-maNga,129.19921875,0.4120434,0.2883996,0.28632206,0.07291731,19.054863,93.867096,0.10909576416015625,0.04514311212330207,2587.1405885019094,595.2003158729912,2663.209481404694,276.2836985690005,21.60944705380263,11.886523555741316,0.025114357,0.019734107,5694.346218109131,1038.1792501298326,Rock
Kırıla Kırıla-maNga,86.1328125,0.4024251,0.28122497,0.23558816,0.06865792,12.57647,80.2583,0.1440807342529297,0.04947878730501313,2882.3660350224613,680.8304342551431,2721.215199957507,379.3741335295452,21.700033800421995,12.083306662549173,0.043036867,0.029857676,6141.488227844238,1284.9736367740743,Rock
Bize Müsaade Ettim-maNga,143.5546875,0.46310246,0.27101403,0.28072476,0.036998086,16.79372,64.46326,0.12865257263183594,0.041307211038247596,2712.3068767697373,502.8099469655327,2671.01838447201,232.93281543924726,20.88016611213744,11.579253311380171,0.040928476,0.028812608,5777.560272216797,945.6162764675984,Rock
Hani Biz-maNga,143.5546875,0.4162806,0.27265048,0.2543974,0.03852706,12.990404,52.41244,0.16639785766601561,0.05786509058485553,3135.0956958148763,545.0820466498583,2870.880601631646,191.02618283091215,21.621425923642427,11.575609779411367,0.060140073,0.038342036,6726.888542175293,791.7649141406345,Rock
1000 Parça-maNga,135.99917763157896,0.4679832,0.2752612,0.273629,0.06939859,14.753581,81.37425,0.18665008544921874,0.06985630803571144,3073.101795378938,705.8184521517039,2534.570857411932,379.7691209713496,21.70741532405981,12.52058500396332,0.05399997,0.040692527,5949.0436363220215,1247.1050260238871,Rock
Kendi Yolundan Şaşma-maNga,107.666015625,0.412533,0.27919883,0.2240758,0.06250408,11.417254,60.99031,0.13928642272949218,0.058596625901961595,2858.6442820638686,690.923180634782,2837.3061594658748,308.74329303927334,21.87659827217543,10.899627072509048,0.03712339,0.03326856,6128.206615447998,1314.107247524476,Rock
Gözünü Aç Çocuk-maNga,117.45383522727273,0.4372056,0.2828487,0.29381353,0.06310668,19.968636,100.19422,0.1014678955078125,0.03581052290179905,2491.8199809237353,457.9795079841305,2661.1643793103103,251.78307580672754,21.72641451338026,12.219549209133449,0.021430288,0.014830172,5596.672954559326,974.190912754213,Rock
Rezalet Çıkarasım Var-maNga,117.45383522727273,0.4538899,0.278022,0.30696368,0.05575733,20.396984,111.96304,0.1402149200439453,0.06286755039005698,2828.8815810348456,709.5147573038091,2755.391915168955,299.95627312305805,21.13854533993926,11.975054783771064,0.04575804,0.042654365,6100.11251449585,1231.092387050439,Rock
Gel - Bu Son El-maNga,161.4990234375,0.40268308,0.2891091,0.27375102,0.058808416,15.20003,69.99146,0.15695610046386718,0.06305494740198969,2840.875689383677,629.1533564014968,2563.638706934944,250.0219535985191,21.893172066656955,11.814003152115813,0.043489404,0.03414882,5712.884960174561,1099.0244557960177,Rock
Ayrılık-maNga,161.4990234375,0.31155884,0.28557113,0.21311077,0.047796976,10.127283,51.43449,0.12366523742675781,0.03277817518965223,2579.5242824265615,437.421110229367,2465.3685041920744,277.8710333716251,23.246582770940893,12.96328687955275,0.019779764,0.014434329,5484.834880828857,891.8560182158352,Rock
Habil ve Kâbil-maNga,117.45383522727273,0.42863956,0.2839436,0.23971558,0.049843084,13.068911,56.875828,0.10880317687988281,0.03758786936236486,2528.796384225763,427.4796695520248,2687.3746593780443,217.8131137356346,20.126444663496983,12.293479799918675,0.027894234,0.018910794,5749.853096008301,776.9716691075216,Rock
Ya Evde Yoksan-maNga,112.34714673913044,0.44930112,0.28838855,0.29007077,0.07993686,17.281418,83.811516,0.16256217956542968,0.08625650179560575,2992.5477933959583,825.1540902692933,2577.459273050817,311.00852495243225,22.19128360433736,12.238540235901205,0.04608139,0.03833941,5973.083438873291,1144.2167673414626,Rock
Mihriban-maNga,151.99908088235293,0.4071308,0.27897805,0.2489244,0.053603604,12.766643,53.666386,0.1526775360107422,0.05328107804376359,2874.3934394987637,592.7426855132094,2546.9875325780195,302.0000033176403,22.311011612877,11.041964035288181,0.038951118,0.02949719,5665.797901153564,1048.230506657128,Rock
Lenha Pra Queimar-Resgate,80.74951171875,0.4065973,0.27684322,0.19599737,0.033812687,8.536065,35.963924,0.10370903015136719,0.027008226229787168,2151.8453202638993,366.0395349225834,2243.8902025108005,279.8750170120681,21.957393003417874,12.803258608166006,0.017050099,0.015413642,4519.8613929748535,911.2066384044082,Rock
Holosen-maNga,135.99917763157896,0.41569424,0.26927248,0.20156193,0.06420383,10.238718,50.887547,0.07018661499023438,0.020755026743972275,1829.576284735868,305.4697084797623,2260.4407152701315,184.0637341964079,21.283304307984086,12.23604434480097,0.009814459,0.0064005908,4065.3173446655273,688.6703739183699,Rock
Süper Güçlerimiz Var-maNga,99.38401442307692,0.42430833,0.27634868,0.206248,0.049917676,9.493831,55.206394,0.13494644165039063,0.04514672041831711,2829.5430589112198,462.1056012118877,2693.651887861072,194.84920221165495,22.253445983080454,12.11540768161785,0.033812605,0.024239838,6046.548671722412,741.1242329716434,Rock
Eğrisi Doğrusu-Nilüfer,117.45383522727273,0.3981718,0.2863977,0.22461131,0.07762058,11.241269,62.95189,0.13911285400390624,0.04656322024955632,2577.320860158762,660.8858115778269,2376.963571505352,405.85729309233517,22.425899254161298,12.144600385106884,0.03202506,0.03136677,5157.639541625977,1405.7661124904573,Rock
Beni Unutma-maNga,75.99954044117646,0.35375735,0.28544512,0.10535748,0.028688047,2.6399179,11.13249,0.10568771362304688,0.038071729007215255,2383.7041992816703,671.83197429489,2620.844268227557,404.0378793873082,23.37902806845036,12.416478290742837,0.020116094,0.025353393,5526.151714324951,1478.9407447055873,Rock
Olimpiyat Ateşi-maNga,135.99917763157896,0.3666587,0.2921864,0.2874555,0.055413336,17.680285,80.21143,0.12948455810546874,0.05761742104870936,2611.180086393472,745.1281526971218,2502.4750504416215,406.3392128540602,22.78813338184556,11.887624003786264,0.029195104,0.027376207,5424.600791931152,1504.8136524133183,Rock
Güle Güle-maNga,135.99917763157896,0.4642206,0.25996202,0.23707381,0.053471737,12.852229,57.855816,0.10540580749511719,0.030426523494852024,2369.358197577323,411.2787694016934,2558.9281697057154,215.99456227237712,21.401128815235975,12.04242897172343,0.026399052,0.020781161,5275.811405181885,901.2098453972113,Rock
Bir Derdim Var-mor ve ötesi,117.45383522727273,0.3856441,0.27528,0.390663,0.050730493,31.186817,109.95705,0.12146034240722656,0.0267260868027484,2314.6430121209387,334.20123985148246,2296.4277254084473,222.8590119387702,22.33176598781964,11.35595264849435,0.018935565,0.013643835,4562.65022277832,784.5472356625465,Rock
Oyunbozan-mor ve ötesi,129.19921875,0.42837822,0.27327004,0.27577418,0.034744214,15.073296,65.051605,0.13784217834472656,0.038845338860697354,2479.8013198996086,517.51089782966,2342.989333198158,277.50978436699626,22.35592567124929,11.585506014669708,0.026880205,0.025731772,4832.395648956299,1101.7869390433148,Rock
Daha Mutlu Olamam-mor ve ötesi,135.99917763157896,0.391049,0.28154883,0.21529703,0.04221257,9.902019,45.409084,0.130047607421875,0.02916449903482834,2465.8417787505596,425.01512432089527,2319.9297489705073,289.8434887340535,23.109093183768344,11.968016021616904,0.019466158,0.0155955,4803.796863555908,1009.6624881354869,Rock
Deli-mor ve ötesi,151.99908088235293,0.39372665,0.28005862,0.31588233,0.04164486,20.601227,71.78891,0.12742919921875,0.033405347856521286,2470.865853973336,414.5641621024497,2415.9307563912253,255.57632667263408,21.843722636744012,11.964701223855304,0.024452617,0.016295822,5117.340488433838,880.3906407188686,Rock
Cambaz-mor ve ötesi,151.99908088235293,0.38631883,0.28185636,0.3944166,0.0533274,30.601307,133.7913,0.1488056182861328,0.03803151345492025,2675.7447664052056,430.5224759759113,2329.7726589538966,249.58872063167857,21.697968427880035,12.192542044702673,0.035657194,0.030054372,5156.100254058838,872.2794253008201,Rock
Araf-mor ve ötesi,95.703125,0.40141323,0.28636655,0.25573838,0.02740109,13.941435,67.947105,0.11206588745117188,0.035435347159894194,2516.438477226427,469.10709226153756,2444.782108880295,263.0540794231517,22.753094440212667,12.16182323683568,0.018980261,0.018043537,5135.635299682617,922.2393207586189,Rock
Yaz Yaz Yaz-mor ve ötesi,143.5546875,0.39858043,0.29094324,0.26023623,0.076266825,16.674114,114.75325,0.08576545715332032,0.05610264460062438,2171.1198624603885,752.7996644556242,2474.8452381262305,381.64557122793315,23.679262653117554,11.285212980665275,0.010593119,0.018015938,4726.8072509765625,1440.9894727142507,Rock
Küçük Sevgilim-mor ve ötesi,103.359375,0.3569798,0.29081172,0.24658719,0.03024294,13.791334,59.375717,0.09283370971679687,0.07208638321779529,2253.6930584140887,861.7374734756703,2578.821376829402,341.8795234873461,23.927073643621114,11.971326261528214,0.011595428,0.018329687,5052.606296539307,1498.7550398777819,Rock
Sevda Çiçeği-mor ve ötesi,112.34714673913044,0.4454225,0.2771378,0.37415344,0.038575,29.699558,120.88574,0.11324958801269532,0.03804004451697111,2492.2773576173327,475.43624925593434,2442.062829958214,276.8219747914564,21.91107900741511,12.665696230082586,0.023230284,0.022300482,5106.372013092041,949.9082410879212,Rock
Güneye Giderken-mor ve ötesi,117.45383522727273,0.4142463,0.27830747,0.19166252,0.032535248,7.8660192,29.455551,0.14760665893554686,0.0583937792959502,2996.372733918456,636.9316306106138,2830.5835426060235,260.04220195883113,22.36534809926538,12.09509222921383,0.0405917,0.029616771,6440.488529205322,973.472125587882,Rock
Sultan-ı Yegâh-mor ve ötesi,117.45383522727273,0.40543061,0.28346398,0.24059863,0.031510618,13.038162,58.98451,0.09787139892578126,0.03900671190835629,2463.6929361906205,577.2964830065438,2702.5761634681594,279.92514764360493,21.69456029817796,10.702092095263513,0.021290356,0.016580222,5508.1513023376465,1168.1770517712903,Rock
Dünyaya Bedel-mor ve ötesi,143.5546875,0.40653723,0.28294387,0.25268418,0.052069273,14.107509,59.380505,0.11945457458496093,0.04823575582510905,2515.3736556262606,737.3409557183029,2628.7515644552104,424.64830501187913,22.975973984505025,10.21661256678907,0.024194656,0.02494018,5449.607906341553,1652.437606501395,Rock
Aşk İçinde-mor ve ötesi,63.02400914634146,0.3715725,0.294149,0.32031035,0.07176591,21.116144,102.535614,0.11819839477539062,0.03754512950175961,2371.075214288287,479.5227356495563,2395.7906821510237,312.19102170410275,22.59014059722903,11.431285542753947,0.01700003,0.018317264,4822.503833770752,1090.0702803577487,Rock
Melekler Ölmez-mor ve ötesi,99.38401442307692,0.3966867,0.27443334,0.27990216,0.028845798,16.760235,67.449455,0.10735855102539063,0.022943246234196083,2263.0154573791283,300.67118160902345,2301.8084162498044,196.60625497712076,22.418288636153225,11.644226748122167,0.016831392,0.012759574,4587.245178222656,649.2702779382414,Rock
Bir Derdim Var - Remix-Arem Ozguc,83.35433467741936,0.38170367,0.28464934,0.23196694,0.06278626,11.844072,53.47389,0.10094566345214843,0.04794086429009167,1819.597983993112,717.4295629887371,1819.6310126283145,553.7009068349453,24.222424298594134,11.115720005678797,0.007748821,0.011762634,3508.885917663574,1404.7984986609085,Rock
Forsa-mor ve ötesi,129.19921875,0.42540613,0.2764769,0.28676397,0.034796152,16.919436,74.893166,0.13577346801757811,0.030607480939323466,2714.058904236653,373.6096655054908,2577.7236699089635,210.3612830169227,22.476166448146362,11.996109034363968,0.029794771,0.02089402,5536.018295288086,897.9664245493836,Rock
Re-mor ve ötesi,71.77734375,0.41069812,0.27585617,0.37497336,0.0370958,26.47462,91.55133,0.1510997772216797,0.03388421297556834,2641.9214498981846,406.6970994823874,2344.8207958913035,225.02628304217652,22.434041593149725,12.60709207380332,0.026792103,0.020382978,5055.676460266113,874.927039155006,Rock
Son Sabah-mor ve ötesi,64.599609375,0.38311806,0.2857453,0.24521288,0.034562472,12.146986,53.355698,0.13014183044433594,0.04590414054769722,2463.0642332542284,535.040888277394,2379.605685755697,258.96838123678924,23.43876531053118,11.783519167117685,0.020815827,0.022521645,4838.99019241333,1058.556840166731,Rock
23-mor ve ötesi,129.19921875,0.3221265,0.28385878,0.2010202,0.032200363,9.212679,41.98451,0.0965057373046875,0.05519115191704862,2327.139754079949,808.8919270210472,2579.6766211694085,319.79791715429974,23.664600114594883,11.179689969348075,0.01383895,0.018407067,4936.999912261963,1393.646116419164,Rock
Adamın Dibi-mor ve ötesi,143.5546875,0.34739292,0.2851688,0.26552612,0.039256353,15.372296,70.75086,0.12365570068359374,0.03231286136762466,2821.010536879444,429.94598470010965,2796.59643663306,202.17491114855784,22.046964634523977,10.48124404366038,0.031671315,0.016865565,6204.885005950928,887.1303159528517,Rock
Serseri-mor ve ötesi,66.25600961538461,0.4240412,0.26930565,0.40378493,0.03813743,31.695093,98.96948,0.14170074462890625,0.02530732497654326,2540.41867029922,300.9422880252107,2312.276984020832,197.33702246500195,21.56182968367142,12.351478904107605,0.03016476,0.018805744,4954.562931060791,657.6660955489755,Rock
Güneşi Beklerken-mor ve ötesi,143.5546875,0.3804622,0.2813902,0.27499288,0.039875507,15.001999,58.003223,0.13795738220214843,0.037099983317422196,2549.6160489734243,431.0080237048033,2451.067952093186,243.1382121609824,23.13336429359105,11.100664957852208,0.022217717,0.018426817,5019.684047698975,963.3205246874378,Rock
Bazen-mor ve ötesi,143.5546875,0.40135434,0.27970114,0.20393232,0.04289965,9.242457,45.654293,0.11273765563964844,0.036515678188980265,2358.1925542819504,468.0545638528861,2386.1039914015596,278.4037486566054,22.52612554297719,11.58414954154154,0.019721217,0.022292024,4734.806499481201,1014.1581863704566,Rock
Ağrılar-mor ve ötesi,99.38401442307692,0.3792613,0.28235763,0.2328614,0.034400653,12.561667,49.199078,0.06745948791503906,0.02528919882909497,1402.518913846138,381.92993623813067,1840.1660821356454,322.35886902838604,24.86892559257784,10.654680017249769,0.0027341023,0.005502226,2617.074851989746,1033.4926809846763,Rock
Ayıp Olmaz Mı?-mor ve ötesi,112.34714673913044,0.39254525,0.2737996,0.26464573,0.026146725,15.143811,58.47672,0.11635169982910157,0.039866930221785675,2428.6771333139636,475.71109265900196,2479.9966446431536,258.9659180826362,22.571974922428982,11.678256692464675,0.018276215,0.017226087,5099.684944152832,906.2404594988928,Rock
Sor-mor ve ötesi,95.703125,0.37365994,0.2877429,0.24523588,0.049016975,13.233194,68.62594,0.12188911437988281,0.0465107729240259,2492.052745270868,519.5061245414574,2471.325378138876,247.87573755287505,23.341002816403677,11.8214045376799,0.019504214,0.017435323,5143.037338256836,957.6452969081633,Rock
Anlatamıyorum-mor ve ötesi,129.19921875,0.33053234,0.28301358,0.27188843,0.038129278,17.322346,87.0659,0.061820602416992186,0.021936755650803344,1655.8450807222239,489.1698895332135,2090.4976570351782,427.96600186449433,24.50059017087427,10.648983645747805,0.0048517436,0.006330067,3629.3540954589844,1218.358711519048,Rock
Linç-mor ve ötesi,151.99908088235293,0.4476029,0.27244762,0.25753158,0.037617363,14.097827,57.799664,0.11822471618652344,0.030796501383659674,2456.774999698376,360.2210889160136,2481.1226332445945,218.4667772084701,22.244642990058132,10.78174803167178,0.024605727,0.018786687,5115.119876861572,814.9806851874018,Rock
Şirket-mor ve ötesi,103.359375,0.39421073,0.28566346,0.24642877,0.03490036,12.673332,56.24722,0.1431903839111328,0.049176344845922454,2779.5521113686686,520.9277393059435,2570.110022103473,227.0277964727861,22.364126812300587,12.25086894113602,0.030403715,0.026492067,5620.8893966674805,894.5370252863405,Rock
Gül Kendine-mor ve ötesi,117.45383522727273,0.38045827,0.2846004,0.19953942,0.040799316,9.37897,51.058697,0.07816238403320312,0.026034883756975113,2073.5130248991536,476.11587430083046,2430.558904181357,312.37499070863123,23.499539316876486,11.610229106314078,0.008475127,0.0080204,4588.700351715088,1098.5748161363233,Rock
Camgezer-mor ve ötesi,75.99954044117646,0.42482385,0.27239758,0.2849102,0.026905023,17.022793,73.43341,0.11891632080078125,0.032002484639049054,2438.6020466133878,400.4076040752778,2342.23020725331,231.33141826605973,21.89279226113658,12.175338994015114,0.022925327,0.021094987,4828.812389373779,808.1479149512966,Rock
Tünel-mor ve ötesi,99.38401442307692,0.3772038,0.28306356,0.2581606,0.049450997,14.92307,72.11296,0.11034393310546875,0.02461033201438255,2414.927288837065,364.1851254156968,2518.697952129827,228.733924717338,23.150677574789338,10.711455775567696,0.016913075,0.010113193,5163.157424926758,875.1992608590278,Rock
Büyük Düşler-mor ve ötesi,95.703125,0.43189812,0.2738432,0.24276853,0.02729462,12.172751,52.46094,0.13601913452148437,0.03749471722058049,2689.775141949575,407.7256031264662,2479.177042799152,199.40003113826938,22.4341324054122,12.60800261650256,0.024643764,0.020313226,5293.870697021484,774.8061843176642,Rock
"Yağmur, Teşekkürler-mor ve ötesi",107.666015625,0.39363492,0.28704736,0.25953448,0.035086658,13.526418,62.09427,0.14036331176757813,0.0573366388043269,2660.5628947212194,768.8008003529696,2512.900649234654,330.8311111120385,23.148448976789417,10.994122361985928,0.028150538,0.03160505,5296.267948150635,1379.4097055032012,Rock
Kara Kutu-mor ve ötesi,112.34714673913044,0.4203563,0.28169438,0.27399182,0.028524617,14.9441805,61.623188,0.1412689208984375,0.04427395733628597,2724.665806271468,521.3176347593651,2498.830399976267,251.87249835930447,22.06742801052739,12.262854579326223,0.03180567,0.02974948,5453.855667114258,971.6354791277947,Rock
Hayat-mor ve ötesi,99.38401442307692,0.38921916,0.26670897,0.21845111,0.034057856,9.851342,45.144745,0.13038139343261718,0.02242341610495654,2542.907123834107,360.475122854654,2452.658194445297,312.51192217042444,23.728972358072763,11.42812754164896,0.019712564,0.012713171,5165.470561981201,1015.4983778463371,Rock
Kış Geliyor-mor ve ötesi,89.10290948275862,0.37730518,0.28157234,0.23489574,0.031781983,11.377893,45.095264,0.13227577209472657,0.03491725323328027,2555.2292627501693,351.6731877786222,2409.9184120201016,201.30918735219333,22.340215319057044,12.618400639068712,0.022600332,0.0155743975,5060.470962524414,729.4559834159534,Rock
Tamiri Mümkün Kalbinin-mor ve ötesi,143.5546875,0.41724306,0.27174297,0.23913889,0.033556454,11.187404,49.88889,0.142327880859375,0.03907412308385003,2453.10279543558,404.45815386522116,2213.0552401785526,244.42368451048284,23.78734099121555,12.364569603021987,0.01696502,0.01957491,4610.284023284912,819.3356041854036,Rock
Nakba-mor ve ötesi,123.046875,0.36604378,0.279514,0.27971172,0.030382678,16.981554,73.05105,0.10642433166503906,0.03592596033811844,2302.1505761684593,476.5903458458839,2317.0597516358994,257.11440477553657,22.91360316810561,11.805045072021018,0.015985424,0.01882522,4731.500816345215,918.1961829708183,Rock
Yalnız Şarkı-mor ve ötesi,89.10290948275862,0.42117783,0.28920996,0.19898155,0.054393377,8.987473,70.79272,0.12406425476074219,0.037191941752024615,2717.5437226935987,461.31845326309514,2582.94579693176,296.9635637331794,23.4081836499884,11.237222499652745,0.020378109,0.017243667,5604.209575653076,1000.1873507237393,Rock
Kördüğüm-mor ve ötesi,129.19921875,0.40508267,0.27699405,0.2373229,0.03466578,11.812249,51.395687,0.13141441345214844,0.04587665827254734,2586.1591531999393,501.81097947500655,2446.613709178094,251.040529719652,22.65794168556189,12.074902172662519,0.023440864,0.022036249,5167.977161407471,977.5949065478079,Rock
Eski Şarkısı-mor ve ötesi,129.19921875,0.4095996,0.2713755,0.28553072,0.032331105,16.89005,75.76109,0.1273406982421875,0.0315159730866027,2481.0016567493235,357.4736819474628,2377.0971143779498,215.29167501493615,23.169342549781298,11.831643155610042,0.020599587,0.018499838,4883.696823120117,749.7861388215109,Rock
Sonbahar-mor ve ötesi,95.703125,0.38742194,0.28115416,0.32954553,0.029089797,23.116419,86.65081,0.11782569885253906,0.03820974409824594,2462.8027120560732,485.40462898236353,2522.0194809360382,270.74495427532537,22.75671713962818,11.686676395562312,0.0220836,0.018325139,5112.032890319824,1055.1084638257114,Rock
Gece-mor ve ötesi,198.76802884615384,0.39233673,0.2816667,0.18821637,0.046835102,8.025906,42.08644,0.10958290100097656,0.053433284881225944,2183.1485586764184,847.0661056279612,2381.0211950201533,471.59813689848477,24.69934420969608,10.447546028876323,0.010882376,0.015522286,4365.099906921387,1714.8698682677755,Rock
Meksika-mor ve ötesi,151.99908088235293,0.37764886,0.27706236,0.26148418,0.02308079,13.845003,51.26145,0.13283615112304686,0.04223771064761259,2511.132050839859,505.99823054962,2355.3996335989077,260.8191301848056,22.246758208126085,11.893634358065352,0.025247883,0.026734624,4939.47286605835,980.5502433758572,Rock
Savaşa Hiç Gerek Yok - Version 1-Athena,66.25600961538461,0.37905866,0.29782477,0.14661393,0.04018691,4.935904,22.233,0.13800086975097656,0.05823405767011382,3114.2143503459833,661.2366613303185,3028.101365525616,254.47490523381956,22.922609044317536,11.75955858264793,0.03231619,0.02253246,6915.396595001221,909.8551340223721,Rock
Sen Varsın-mor ve ötesi,129.19921875,0.5099626,0.2623004,0.13307095,0.05671349,4.548828,47.216904,0.1365070343017578,0.056665313791480536,2642.0616336858043,661.667264887763,2530.1696742584522,332.09036972008886,22.496027765338987,12.993182049641796,0.028553564,0.028685912,5422.4138259887695,1235.5691738366593,Rock
Eksik-mor ve ötesi,129.19921875,0.42925617,0.2771435,0.21646556,0.044552606,10.641744,47.78071,0.0951812744140625,0.03312959930928312,2016.849165053654,513.8715019945531,2214.9525802732387,367.77973310606967,23.175320859572782,11.01352464217102,0.011903701,0.015498464,4047.76273727417,1157.115914581388,Rock
Çocuklar Ve Hayvanlar - Canlı-mor ve ötesi,69.83741554054055,0.45662162,0.27530825,0.28867802,0.043017905,18.814718,109.19075,0.08379287719726562,0.03264157394908744,2208.7307162090724,617.5266660805111,2335.776062121632,395.7197664652094,22.295583667992435,12.015571915834204,0.012562719,0.01738121,4707.814292907715,1242.3219305143248,Rock
Beyaz-mor ve ötesi,83.35433467741936,0.26038343,0.30504572,0.121553734,0.056800637,3.6423614,26.956196,0.063043212890625,0.03715395959591649,1337.875639321344,437.1384924583221,1740.0791061680525,348.1966069735521,27.304722999091297,10.701400963375145,0.0012249605,0.0025395686,2304.313488006592,1000.9712864188524,Rock
Tutun Sen Bana-Yüzyüzeyken Konuşuruz,161.4990234375,0.33142528,0.29662007,0.24232693,0.0599301,14.274773,77.299126,0.07144203186035156,0.033654016325380356,1985.7116649262257,649.6441931553409,2398.069392532251,397.4851690023695,24.04708023691567,12.019949183941721,0.010165007,0.016182387,4351.221084594727,1606.7414856020266,Rock
Dinle Beni Bi'-Yüzyüzeyken Konuşuruz,92.28515625,0.36065444,0.28654495,0.24825907,0.06369739,15.161868,72.696175,0.06423912048339844,0.02978315229152874,1606.3126574429511,601.0052608304745,2042.4404103223164,468.18496354656145,22.531422722645363,11.218952915910258,0.007170445,0.012645279,3261.514835357666,1573.643438933489,Rock
Sen Varsın Diye-Yüzyüzeyken Konuşuruz,83.35433467741936,0.3677217,0.29789263,0.21928446,0.05236274,11.455385,57.762512,0.08668670654296876,0.06045450191721102,2186.0118922691945,981.0565025106996,2504.5423312696303,559.8426600048256,23.627651630530448,11.563540533048315,0.015157069,0.020594636,4738.591632843018,2147.709759130683,Rock
Son Seslenişim-Yüzyüzeyken Konuşuruz,143.5546875,0.34957883,0.29280677,0.24243394,0.05748199,14.469617,82.98886,0.058587265014648435,0.03350465619003753,1476.9797881911852,732.938896331402,1918.4615768380015,621.1547013909309,23.76442713862504,11.752865775740585,0.005776231,0.011307444,3002.5612449645996,1889.7882577331368,Rock
Kazılı Kuyum-Yüzyüzeyken Konuşuruz,89.10290948275862,0.35672426,0.30051285,0.23194663,0.08933145,14.277899,114.550316,0.06350517272949219,0.03666896642430385,1814.105263810205,670.4784080657761,2211.0976097306757,453.1031499200474,22.96799929099779,12.006182575964996,0.009830259,0.016281841,3976.1732482910156,1552.3728130289185,Rock
Durmaz Akar-Yüzyüzeyken Konuşuruz,161.4990234375,0.3561271,0.29264176,0.2218875,0.04951926,11.863018,56.44848,0.08066978454589843,0.040571807976042464,2147.3389534137123,711.3018931846042,2487.4760676626574,416.1246927308113,23.174622862336044,11.759243014763166,0.015855316,0.021009833,4828.22359085083,1581.980452415644,Rock
Uykusuz ve Dengesiz-Yüzyüzeyken Konuşuruz,95.703125,0.33632413,0.28544816,0.24452272,0.06624283,14.557379,64.00038,0.054715728759765624,0.02410216311364471,1257.6241845853913,519.700577113656,1568.2436371995839,487.6142810348463,22.735250744062114,11.755826650670787,0.0034872096,0.010988627,2578.1636810302734,1261.0985276676963,Rock
Kaş II-Yüzyüzeyken Konuşuruz,172.265625,0.38544756,0.28781968,0.24709725,0.06597578,14.638245,76.43234,0.09935951232910156,0.06917017857922377,2408.2343481900803,895.7301954343201,2591.372925747088,404.46384038619453,22.52002576003895,11.259079887860453,0.024586532,0.032906905,5247.650012969971,1652.3066330095464,Rock
Güç Para Zıvana-Yüzyüzeyken Konuşuruz,103.359375,0.32676995,0.32214618,0.14180414,0.04815566,5.237006,40.102745,0.03631095886230469,0.03698996006959643,1488.4445540247311,938.796421080974,2219.2273721709375,568.5629786179882,24.773552934000502,11.188984073186035,0.003140691,0.007681778,3093.328742980957,2088.819095238187,Rock
Battı Gemim-Yüzyüzeyken Konuşuruz,86.1328125,0.3236183,0.2929168,0.23263276,0.06852297,13.537012,74.77496,0.06529006958007813,0.041551942171990354,1805.0678200350471,763.3934785764524,2241.1930125139747,490.2507673370659,23.561451009355395,10.802007793713205,0.011191093,0.023538498,3854.048023223877,1786.3572666385437,Rock
Bodrum-Yüzyüzeyken Konuşuruz,89.10290948275862,0.35628465,0.29593727,0.22233483,0.08795278,13.203032,92.77173,0.054607391357421875,0.024858089643949612,1301.1309156716438,376.34949403431506,1654.6602194160398,440.33925022987745,23.788562934440968,10.987687799031235,0.0019430142,0.0041256207,2462.035789489746,1003.1510310103829,Rock
Ölsem Yeridir-Yüzyüzeyken Konuşuruz,69.83741554054055,0.39980254,0.27386963,0.26727718,0.08174391,17.506046,122.352516,0.07586021423339843,0.042656940876031994,1916.6803644196486,758.7727045714543,2181.9854621321842,520.1254248574525,23.554408578485013,11.161100242689399,0.013099861,0.024266317,3978.5032081604004,1659.9170125441865,Rock
Boş Gemiler-Yüzyüzeyken Konuşuruz,161.4990234375,0.38834468,0.2830564,0.2639986,0.07188021,17.429056,98.24574,0.059131622314453125,0.03057599023125679,1667.826716606265,586.4230533638737,2111.6311207045974,434.0680269550006,23.37003995644463,12.083148200632564,0.0069553023,0.012247979,3674.7756958007812,1433.783100430584,Rock
Yapraklar-Yüzyüzeyken Konuşuruz,83.35433467741936,0.34080988,0.2798337,0.21684913,0.04927958,10.688646,51.640392,0.10896492004394531,0.0357068605575616,2227.8548166597666,515.168946614693,2322.8548206089667,337.97316904678155,23.623603348434003,11.731971063522899,0.016649049,0.020683605,4618.501968383789,1211.11670326333,Rock
Esen-Yüzyüzeyken Konuşuruz,89.10290948275862,0.37035784,0.28779227,0.20349005,0.07509332,10.392786,65.84635,0.09287300109863281,0.03462134377249486,2099.910385505575,553.6343705435428,2148.295642764854,458.6402416646951,23.07050816367251,12.344977693404774,0.013032886,0.021361772,4424.913425445557,1290.8968634941823,Rock
Gençliğimi Geri Ver-Yüzyüzeyken Konuşuruz,86.1328125,0.3832901,0.29455432,0.22554639,0.06142127,12.526213,69.572105,0.06597099304199219,0.03298617874464026,1626.6040930013728,632.2898620202413,1929.990359417427,507.47421645164786,23.805483253631877,12.258866931425672,0.0072825216,0.016360242,3416.5370750427246,1388.0860194550683,Rock
Ölmemişiz-Yüzyüzeyken Konuşuruz,83.35433467741936,0.2841443,0.30460107,0.13850132,0.041573387,4.856237,27.875532,0.04905204772949219,0.041902823628906356,1575.479670524725,800.8905838932579,2057.960901341224,507.918588613233,25.624983184979758,11.37182748741652,0.0043585086,0.011116244,3225.253257751465,1644.7350373053039,Rock
Köşebaşı-Yüzyüzeyken Konuşuruz,123.046875,0.4337303,0.2786913,0.2169604,0.0603567,11.544012,71.55843,0.07741470336914062,0.049831677345256176,2011.250882324847,824.7902552520652,2358.7958248934337,503.62157677171353,23.186759531817906,11.97324047508695,0.015322128,0.028143823,4428.732204437256,1778.0783838113682,Rock
Sandal-Yüzyüzeyken Konuşuruz,92.28515625,0.35077134,0.27896425,0.26501036,0.040792137,16.459225,71.10375,0.06589088439941407,0.026428740892218694,1637.211228908784,532.7481570019205,2053.8854405245165,444.9648954923846,23.165445657708833,11.11871216191086,0.0071173892,0.010592277,3456.8529510498047,1368.619110693411,Rock
Kaş-Yüzyüzeyken Konuşuruz,129.19921875,0.39941686,0.28677347,0.20228156,0.061746385,9.875565,63.121468,0.10780868530273438,0.06889951487293043,2583.6107746718117,955.8527066982779,2745.781390936339,393.4921255124193,23.18135802636825,11.147320702772303,0.022935923,0.028287888,5745.352993011475,1774.5505492123186,Rock
Ateş Edecek Misin?-Yüzyüzeyken Konuşuruz,143.5546875,0.33157757,0.2938053,0.19513626,0.04357245,9.298808,46.442062,0.060408401489257815,0.04306621347213112,1845.6529812776578,846.89064912122,2356.3226388704416,481.44491584321014,24.037299988017136,11.479749330230097,0.0078940205,0.012517376,4125.980415344238,1826.5093086725185,Rock
Sarmaşık-Yüzyüzeyken Konuşuruz,117.45383522727273,0.35434648,0.2926252,0.24743195,0.056334898,14.719145,80.0307,0.08083457946777343,0.038771491635863534,2118.452139387757,707.9539962924257,2480.619975386532,408.3368922039835,23.22576961110568,11.718325331920799,0.014931338,0.020259364,4690.663433074951,1690.375086568772,Rock
Onlar da Yansın-Yüzyüzeyken Konuşuruz,92.28515625,0.4005249,0.28713554,0.22310999,0.07426004,12.750826,90.96072,0.05945281982421875,0.027973597653540506,1631.7151112069168,698.4691798643507,1987.670382551045,551.0485681938068,22.423152296262067,12.163157713721871,0.007856269,0.012662155,3522.916145324707,1719.975991746959,Rock
Para Hala Bende-Yüzyüzeyken Konuşuruz,89.10290948275862,0.35904148,0.30388063,0.16410449,0.07592716,7.454913,63.658794,0.08091697692871094,0.054256534662158046,2133.897130109104,771.1013882647848,2478.3392629069936,399.80474037352366,23.449851615080036,11.373219196167344,0.012033952,0.020971064,4681.158542633057,1640.5150373035315,Rock
Bir Sinema Filmine Bilet Almışım-Yüzyüzeyken Konuşuruz,143.5546875,0.36248568,0.30680954,0.12815185,0.032594785,4.109395,22.502872,0.04295806884765625,0.03677056741784364,1607.1166476602807,874.7908355312879,2322.067854485038,560.1740222371031,24.28984815288388,10.78179078858122,0.004051082,0.009422163,3569.784507751465,2070.2296488256375,Rock
Dinle Beni Bi' - BeeGee Rework-Birol Giray (BeeGee),95.703125,0.48125082,0.2806442,0.24686083,0.06756036,15.240933,132.10988,0.05409584045410156,0.03696743679993967,2096.848731361014,895.57786066417,2585.374540109474,624.7962045308059,22.29424637829428,12.271236533716289,0.011217536,0.015338917,4937.44571685791,2208.950985045679,Rock
Canavar-Yüzyüzeyken Konuşuruz,172.265625,0.37963885,0.28158563,0.26390305,0.08072873,17.360937,120.19137,0.0765228271484375,0.026813157302240077,1599.806973908363,468.3574142039159,1932.8015225706652,532.2937547125505,23.017367367076055,10.90024593617381,0.0060571185,0.008776048,3165.5911445617676,1342.0394650332141,Rock
Gece Beşten Sonra Evden Çıkan Kimse-Yüzyüzeyken Konuşuruz,103.359375,0.40284303,0.30275473,0.1775839,0.059352048,8.102256,51.212032,0.059215545654296875,0.06463289087887877,1743.9672032248868,1152.995316638238,2262.967925371137,726.1770239316816,23.631645418137364,11.925747982663411,0.004839311,0.010131712,3886.457176208496,2610.321920787222,Rock
Takımdan Ayrı Düz Koşu-Yüzyüzeyken Konuşuruz,143.5546875,0.34872812,0.31279862,0.21250725,0.06647581,11.283951,73.91214,0.08589248657226563,0.05870632344151634,2246.64551815041,855.937622067922,2578.6383621785653,436.80015220269667,23.19917751091512,11.605251529969694,0.015574554,0.024675328,5024.621543884277,1817.5887641376562,Rock
Kediler-Yüzyüzeyken Konuşuruz,83.35433467741936,0.39069328,0.2869617,0.16524875,0.04920324,6.338956,40.69308,0.09258880615234374,0.036453864666005205,1592.1994909869668,562.7815234999808,1583.6667947438268,488.14267016667003,24.92111981187487,11.360433418713313,0.0043532597,0.010783541,2959.3602561950684,1186.5243121579915,Rock
Kendi Evimde Deplasmandayım-Yüzyüzeyken Konuşuruz,89.10290948275862,0.33559933,0.29719663,0.24843173,0.05212929,14.613554,80.84783,0.07746734619140624,0.04360059104137787,2051.6384806864953,738.4567064769593,2404.9202146579178,425.7345815411382,23.727695473472973,11.411212635895444,0.010763481,0.0144649055,4555.399589538574,1646.6816107402276,Rock
Adam-Yüzyüzeyken Konuşuruz,143.5546875,0.38427773,0.28992108,0.20259921,0.07242397,10.306604,81.26198,0.10808029174804687,0.051264740123997427,2509.10950768553,736.1779881099961,2694.402210086111,340.4248779827834,23.84168463622537,10.817922536963495,0.020494565,0.024174282,5513.071975708008,1448.6508409481287,Rock
Vicdanın Rahat-Yüzyüzeyken Konuşuruz,95.703125,0.32553875,0.30283684,0.24841805,0.04964694,14.718778,67.17873,0.08167762756347656,0.06472740428508798,2162.5535453442403,999.8454043391832,2561.381004036533,501.46228290249314,23.62500663156573,11.0634935787415,0.013265252,0.021947425,4747.970352172852,2087.771209848587,Rock
Aşk Nerden Nereye-Gripin,143.5546875,0.31127897,0.29027146,0.2314604,0.073179096,12.574285,73.01685,0.10992317199707032,0.038772853216470504,2314.767020057683,514.693153671999,2384.318661596768,322.995841328171,23.07291114469602,11.706971212365612,0.017477913,0.022791894,4930.952110290527,1070.2610767221126,Rock
Durma Yağmur Durma-Gripin,143.5546875,0.33246,0.29347047,0.22958629,0.063394755,11.491362,54.124912,0.1259235382080078,0.03773260274685262,2547.911263566269,520.7545158944537,2532.917332680622,307.0567085546607,23.520234451232593,11.065601745856558,0.02075978,0.021296479,5393.697280883789,1109.1210108530083,Rock
Böyle Kahpedir Dünya-Gripin,123.046875,0.37689552,0.2852375,0.27385092,0.061960258,17.082767,80.05233,0.10373687744140625,0.02991618489371156,2186.7295140852066,429.9739470961057,2341.5847028450617,283.97447350581353,22.804956970297752,11.57857003839691,0.014493132,0.01317818,4623.254413604736,980.1478186275242,Rock
Yalnızlığın Çaresini Bulmuşlar-Gripin,86.1328125,0.3225918,0.29355142,0.277206,0.085545585,17.738647,83.78772,0.12037124633789062,0.057859868979867626,2526.7669331214893,715.8314278860161,2549.4650474614796,378.82581651483105,22.554534875062348,11.332630528631649,0.02548026,0.03373921,5433.331832885742,1335.2158366853607,Rock
Belki Çok Da Şey Yapmamak Lazım-Gripin,198.76802884615384,0.37618396,0.2961151,0.27263483,0.07165235,17.227274,93.55472,0.12187118530273437,0.054031826896444514,2697.2817288533656,644.082846168095,2674.19560356934,245.36239302916945,21.673671397718955,11.456587610777293,0.032061346,0.032882996,5860.437870025635,1057.3507511226342,Rock
Beni Boş Yere Yorma-Gripin,135.99917763157896,0.3281356,0.30006218,0.20450506,0.056095857,9.776575,43.63168,0.10098724365234375,0.040659524359077645,2257.9453213244237,602.0762168400261,2456.703200847905,338.1972316947676,22.973865969149827,11.745730197078244,0.01645771,0.02253948,5001.019134521484,1239.1822406261972,Rock
Beş-Gripin,117.45383522727273,0.36897376,0.28415623,0.23722784,0.07311314,12.349942,58.889732,0.1360851287841797,0.04883299153484487,2635.747593889845,556.7612057497244,2497.5976539331546,245.35643147693284,22.584772364145426,11.879960271197428,0.026894882,0.026112774,5477.710418701172,918.4832273789168,Rock
Vazgeçtim Ben Bugün-Gripin,129.19921875,0.34024894,0.2834433,0.24839465,0.062429737,13.478122,63.175934,0.1290008544921875,0.04710780971055394,2496.674999310784,629.7910470776703,2472.8830435478485,375.0184103774621,22.279696344419676,11.443882391621509,0.025159795,0.029009892,5245.8415603637695,1300.0386692070838,Rock
Ebruli-Gripin,95.703125,0.41361338,0.29760933,0.2263341,0.07319162,12.778387,92.721,0.09318962097167968,0.06434447218146806,2592.2406043170545,823.7937668135149,2780.0205009976003,317.6332994974016,22.102008829704463,11.307953065692727,0.02337046,0.030183937,5917.8204917907715,1404.9358152844898,Rock
Nasılım Biliyor musun?-Gripin,143.5546875,0.32525218,0.29401663,0.26296812,0.05724782,15.721105,77.38719,0.11747055053710938,0.06890277667800732,2590.338903026338,835.2491972682203,2695.581006122409,329.6806434972727,22.39595501063447,11.434379246706856,0.026996184,0.03577855,5744.074459075928,1396.1623886236137,Rock
Gidenin Dostu Olmaz-Gripin,129.19921875,0.374565,0.28942457,0.26669127,0.07258465,15.534978,77.77849,0.13624191284179688,0.04774851953294412,2679.9536064066538,555.4899506749863,2603.2318052382734,269.9595900482106,22.153483719555393,11.529206333741767,0.0276497,0.026964242,5706.929683685303,983.4400915380165,Rock
Dalgalandım da Duruldum-Gripin,135.99917763157896,0.35854948,0.28628263,0.26471168,0.042294595,15.142412,64.7534,0.11825599670410156,0.032183692693699306,2505.572102015937,464.6266994065568,2510.5544822170014,264.82514888267764,22.288675278330604,11.417247261772907,0.02503936,0.020700864,5222.668132781982,1042.9522133080072,Rock
Neden Bu Elveda-Gripin,92.28515625,0.33552825,0.2978833,0.23561099,0.057996567,12.008715,55.50414,0.11918296813964843,0.045092927458930704,2417.576691891507,557.2080776035912,2452.8388927587093,319.3468362242281,22.816046214590187,11.87153830776883,0.019285858,0.025177049,5113.218898773193,1105.7381919199559,Rock
Sor Bana Sor-Gripin,99.38401442307692,0.34934813,0.2961654,0.16285619,0.055983484,6.80809,31.2406,0.06960639953613282,0.050551482069653396,1871.969142861672,754.8149543644362,2346.3931908238756,422.7481289996266,25.229819531501672,10.853963200181076,0.007854042,0.020267026,4060.4976081848145,1538.899487374285,Rock
Sen Gidiyorsun-Gripin,129.19921875,0.34668106,0.30499068,0.24249192,0.06687663,12.828651,61.79397,0.136676025390625,0.06613026686724367,2603.396407804099,746.7475884208427,2509.2049883499712,335.64206378056764,23.113130291459655,11.541488603578374,0.025284309,0.03452562,5410.040645599365,1269.2574973413912,Rock
Sensiz İstanbul'a Düşmanım (feat. Emre Aydin)-Gripin,75.99954044117646,0.3469237,0.2852232,0.2323443,0.07559106,12.520273,59.437004,0.11386947631835938,0.03254635358193081,2220.4131639636917,544.5980092623879,2281.087657691684,428.1913313005573,23.94264566275161,12.010703812372677,0.015778333,0.018387007,4612.706508636475,1236.4789487154171,Rock
Bir Cevabım Var Mı-Gripin,135.99917763157896,0.3379577,0.2919151,0.22350976,0.0702316,11.3873625,54.3371,0.11284255981445312,0.037676425997720794,2337.31201749249,575.3875952423706,2417.6239217583266,411.1321257833042,23.173531511892538,11.14319732344338,0.01575325,0.018906437,4971.764259338379,1264.836708931271,Rock
İçinde Tutma-Gripin,92.28515625,0.32496795,0.2882539,0.25798577,0.07425645,15.730682,80.30554,0.09496536254882812,0.044711932340038944,2059.570127285669,733.0870490291968,2194.8157594167083,569.5322144311226,23.690641947898087,11.485978581334788,0.013641057,0.021522539,4416.4179039001465,1570.6640255724462,Rock
Elini Korkak Alıştırma-Gripin,103.359375,0.32492578,0.30097,0.23191027,0.10283022,14.257193,83.496376,0.08211860656738282,0.04146380120526156,1930.6830417510196,741.4041179587666,2184.6177045680706,625.3644012891202,23.995294282222726,11.517913439100248,0.009160434,0.015094697,4275.451126098633,1616.4764738997978,Rock
Yolcu Yolunda Gerek-Gripin,63.02400914634146,0.38159996,0.2949439,0.24473044,0.06951172,13.432409,68.16817,0.1398761749267578,0.0695849427720714,2737.87557386101,777.9709756499566,2631.490633228468,295.78204570468455,21.603917726571805,11.675281163155619,0.035443835,0.039434522,5738.514518737793,1238.006372355739,Rock
Sensiz Olmaz Galatasaray - Sarı-Gripin,129.19921875,0.3890533,0.28527936,0.24508324,0.062183455,13.892654,67.21104,0.10788078308105468,0.04116216631931504,2438.7602517641726,540.9418326096506,2614.412008225804,304.04708478191975,21.22498634780622,11.460279941225489,0.025386011,0.022070596,5389.836444854736,1071.5673408881491,Rock
Gül Güzeli-Gripin,103.359375,0.32273012,0.28965503,0.23685321,0.06412659,12.50999,59.45288,0.11623039245605468,0.03832389871138985,2439.1482930350226,491.16934267608565,2522.2666483753887,268.880043458996,22.168224971765575,11.057349895615468,0.021552885,0.021747766,5234.511394500732,1015.6639372863557,Rock
Alem-i Fani - İyi Oyun Film Müziği-Gripin,151.99908088235293,0.37945184,0.2899843,0.25628212,0.05819069,15.11044,71.38282,0.10455093383789063,0.04622797148187172,2444.447053128817,661.4302196712299,2581.293165198348,344.69356762220986,22.529278713528754,11.919664575977055,0.022762429,0.02370571,5468.584041595459,1244.7304714823636,Rock
Komşu Kızı-Gripin,103.359375,0.3559201,0.29322392,0.24482329,0.050578717,12.6904745,52.39249,0.14089813232421874,0.06716551849095065,2816.664716640754,785.6154617001208,2688.9397858452985,327.1506859141384,21.60915253713564,10.988095669603732,0.040010255,0.041371856,5933.701229095459,1326.433126501727,Rock
Sokakların Dili (Selami Şahin Şarkıları 1)-Gripin,89.10290948275862,0.36254698,0.2902939,0.2871415,0.077805646,19.134388,108.240814,0.12217826843261718,0.05380971743050575,2714.1996119291694,623.1515508816402,2696.8525879775757,260.56503723910646,22.93396612880529,12.18428953316621,0.027071822,0.026373532,5999.427967071533,1010.2022350781026,Rock
Sustukların Büyür İçinde-Gripin,83.35433467741936,0.42491272,0.27838033,0.23940149,0.06088411,12.872206,66.47701,0.12058143615722657,0.04970484411981077,2492.6384818370793,602.2953507102441,2544.40376611957,273.5480864544459,21.953681797146814,11.370692482583255,0.023356367,0.027680947,5290.876235961914,1063.2125893925083,Rock
Nilüfer-Gripin,99.38401442307692,0.39113235,0.2870242,0.21338777,0.037304223,10.732061,51.648052,0.07652244567871094,0.049092005439769715,2123.1048409685027,905.548881868529,2588.739807167807,569.7094620301323,23.34123909539723,10.92562413789502,0.012950068,0.018564295,4979.999027252197,2060.502058058782,Rock
Hiç Utanmadan-Gripin,129.19921875,0.37804127,0.29795554,0.2846983,0.075650856,19.399128,99.1351,0.09360504150390625,0.039490036616959164,2490.4112395298744,591.2689202429443,2722.110294279165,268.3666776474083,21.521609264159082,11.718918419969762,0.022325028,0.022555651,5784.306221008301,1083.9621919693116,Rock
Buldular Beni-Gripin,117.45383522727273,0.36318997,0.29262897,0.2849735,0.065960966,18.539845,98.23099,0.09956893920898438,0.06709742055177834,2397.087952655683,698.8447318019446,2547.9791578268982,211.0502996755608,22.338071174940133,11.432475882909346,0.019135106,0.02400938,5304.620475769043,964.8972893218034,Rock
Zor Geliyor (feat. Pamela)-Gripin,95.703125,0.38812885,0.28928,0.2716373,0.054434057,15.435941,66.955986,0.1292194366455078,0.034511158882690324,2458.083686863249,476.11265381927524,2367.4145370390897,279.8871002271394,22.974369566982055,10.734817745869476,0.021076504,0.01802287,4845.5510902404785,977.5053346878617,Rock
Yanımda Kal - Alpay'a Saygı-Gripin,89.10290948275862,0.40802348,0.29769716,0.19558027,0.05854755,9.103186,65.48821,0.09965400695800782,0.04724058068117477,2381.0372618201827,661.8756617802918,2526.39198199305,315.70173796865623,22.417534677374103,11.563286181916448,0.018536344,0.021613104,5178.171787261963,1254.3814069663579,Rock
Acemisiyim Mutluluğun-Gripin,112.34714673913044,0.33053002,0.29569054,0.24298434,0.061619733,13.538147,71.37528,0.115155029296875,0.057553728685694264,2447.9374077711545,663.6170005040101,2566.3230494693403,322.354915518547,22.764960341588903,11.644450899727369,0.021661067,0.029922346,5354.4160079956055,1283.8190191394424,Rock
Elalem-Gripin,112.34714673913044,0.4042475,0.2823405,0.25265986,0.051362913,13.55174,55.028496,0.13693008422851563,0.034289962048710675,2660.1491150407464,433.6134581398125,2539.391670592312,231.1554587751214,21.844858113359418,11.777041321106283,0.03260901,0.024049554,5512.071018218994,893.1781085794113,Rock
Dillirga - Müstakbel Damat Orijinal Film Müziği-Gripin,95.703125,0.369504,0.2932112,0.16268836,0.050373964,6.340392,31.094666,0.1096038818359375,0.04613641112356389,2634.4617152648016,554.9489056446286,2771.5808403382566,259.13244495930593,21.88732495337733,11.175734077415566,0.026203787,0.020346705,5970.307674407959,1144.8861226161907,Rock
Hiç Gelme Gideceksen-Gripin,112.34714673913044,0.32360604,0.28523257,0.21925366,0.06085857,11.112318,51.35404,0.09784088134765626,0.039309476637561035,2210.4459159900252,634.3340182202684,2432.068180629443,401.3456496745324,23.702827829084775,11.305042941492,0.01446404,0.018608078,4830.37691116333,1465.0363182395624,Rock
Ayrılığın Hediyesi-Gripin,99.38401442307692,0.32578844,0.29584244,0.18195014,0.066045284,7.8553214,33.754566,0.10957679748535157,0.05099844403408056,2167.5496183344703,863.7679352247436,2177.6677813199617,732.5421566774436,22.898953178798624,11.757659181347762,0.019958466,0.02528135,4452.982292175293,1996.3651572488825,Rock
Karışmasın Kimseler-Gripin,143.5546875,0.30542552,0.28270772,0.26298752,0.05199604,16.085506,69.23626,0.08350906372070313,0.026989312332356505,2137.4180180324,438.4027445738078,2493.2724134695563,297.9368405719822,23.038404620754765,10.851555155508613,0.013044405,0.013599236,4804.091262817383,1132.517666878536,Rock
Hatıralar Hayal Oldu-Nilüfer,117.45383522727273,0.31520674,0.2839077,0.2556549,0.08108658,14.915884,76.417145,0.11282119750976563,0.053149636463747825,2253.859434776219,690.1053712623941,2310.6480482544594,428.7982154676919,23.58682069390971,11.382926571677196,0.01469742,0.015736984,4601.948318481445,1481.7581051878287,Rock
Yeter-Gripin,117.45383522727273,0.38505885,0.2858409,0.24906127,0.042102914,13.762728,60.634647,0.10543136596679688,0.046858185487968926,2328.63242436495,662.6581822168545,2485.159520451066,310.4025218704541,23.437046424215325,11.204275884262334,0.017952714,0.020753812,5118.417148590088,1228.4531596699753,Rock
Sus Söyleme-Ahmet Koç,123.046875,0.33765218,0.2953016,0.29960668,0.06507369,18.269466,80.90981,0.14536476135253906,0.06032045102075557,2822.8535923692034,683.6299827173883,2670.865713999918,336.2472162324286,23.12338929849182,11.427702396507144,0.02707233,0.028894184,5933.625526428223,1260.5659082410282,Rock
Boşver-Gripin,129.19921875,0.38983113,0.29084787,0.1912527,0.07350434,8.938403,44.307198,0.1163330078125,0.05979996174803917,2650.3189010903334,663.8201585493064,2749.913633808346,336.9816256724777,21.454755677905354,10.977898021938339,0.030069496,0.032366823,5936.754570007324,1267.3119422390942,Rock
Üç-Gripin,95.703125,0.3619667,0.2909605,0.23936744,0.048247598,13.133108,61.206276,0.08830299377441406,0.03878457875599058,2334.0418785972565,676.2856603799086,2554.4337733269394,500.11226615490614,23.471556996118824,11.227501368426342,0.016813431,0.018710833,5213.154830932617,1587.418942407434,Rock
Hayat Mars Etti-Gripin,99.38401442307692,0.37171662,0.28613123,0.26671138,0.04217546,15.212369,68.23031,0.12164573669433594,0.024252107212376944,2611.5143784935185,345.0586652612698,2501.0797915328512,234.86931676342695,22.187410288378203,11.390333955595677,0.025116006,0.015503936,5325.775165557861,777.1062274593222,Rock
Yüzümden Düsen Bin Parca-Gripin,129.19921875,0.40829796,0.28403783,0.20270577,0.04276847,8.653335,44.430916,0.1422649383544922,0.05332886205582998,2961.485305146492,666.9657517921669,2762.499744596576,289.0428844626121,23.599568991192513,11.820159009753477,0.028694669,0.020809187,6191.695919036865,1187.8579049152972,Rock
Bu Aşk Fazla Sana-Şebnem Ferah,123.046875,0.3661125,0.2844215,0.23002501,0.0512322,11.412821,53.56364,0.12557601928710938,0.03142861542530006,2638.1833763952272,396.6141339063905,2699.0134988060954,270.94080347020196,23.40379556320469,11.274275241714529,0.022584522,0.014576813,5829.004440307617,917.253694860155,Rock
Mayın Tarlası-Şebnem Ferah,112.34714673913044,0.35527512,0.28872257,0.20351925,0.057823695,9.513115,43.895126,0.13260917663574218,0.06589530987074152,2802.931850797956,743.0815332598205,2832.2672035009164,277.8556970345509,23.19682209391893,11.30159766621854,0.027734036,0.027527047,6219.041404724121,1163.2782561970964,Rock
Sil Baştan-Şebnem Ferah,80.74951171875,0.32964668,0.29642317,0.26134878,0.06284053,13.72403,62.218025,0.14103660583496094,0.044053359057308124,2673.5216785938674,521.1056458192539,2542.301845272384,311.1609316060511,23.946819382529657,11.244841593574252,0.025066698,0.026871845,5379.894161224365,1153.9122355641025,Rock
Bırak Kadının Olayım-Şebnem Ferah,135.99917763157896,0.3530094,0.27633914,0.20888309,0.033981375,9.093338,37.30016,0.12969322204589845,0.028111410911928043,2458.849169120514,299.82679881527804,2473.8556702356627,189.11119936523679,22.76110660523025,11.239347018801718,0.01925182,0.010012471,5070.413246154785,702.3061636324559,Rock
Od-Şebnem Ferah,117.45383522727273,0.35723144,0.2982391,0.26141572,0.0796829,14.303166,70.12906,0.13849754333496095,0.047973547077284344,2764.882585869532,528.0234776034837,2554.574851718175,314.2067129681505,22.120491918758244,12.172513854721576,0.033885885,0.029391069,5692.874221801758,1042.4545990762565,Rock
Gözlerimin Etrafındaki Çizgiler-Şebnem Ferah,151.99908088235293,0.32453185,0.30751088,0.22858043,0.08114357,10.559286,65.7184,0.14411087036132814,0.05200420472706036,2739.7303234370365,625.2976651731179,2600.0859546529537,334.56629316243425,23.188698900197412,11.089652929431828,0.021832466,0.021541175,5581.4483070373535,1244.9640398721585,Rock
Sigara-Şebnem Ferah,86.1328125,0.26805508,0.29289222,0.21650927,0.040014025,10.224098,51.649086,0.1292346954345703,0.05956640987896667,2906.243904342459,707.0909764014675,2836.912890605256,334.5183476695052,22.89289946671247,10.669105229643069,0.030262792,0.026466243,6502.009563446045,1313.1696351172181,Rock
Yağmurlar-Şebnem Ferah,123.046875,0.34457982,0.29863802,0.20578921,0.047239777,9.986223,60.53633,0.06450386047363281,0.03934689748032241,1566.2466643596558,667.7553847710608,2031.5717954053448,549.2158234453832,26.02412562077411,11.477798151677508,0.0030248628,0.005441202,3235.84321975708,1563.6868790923072,Rock
Çakıl Taşları-Şebnem Ferah,129.19921875,0.3816862,0.28860173,0.30750138,0.047465947,18.840494,77.56642,0.16555557250976563,0.06747387485593383,3343.103995526487,703.8791572192395,3002.9549580234147,255.00515623646072,22.087125707842837,11.284512775597157,0.047832258,0.030223256,7153.271198272705,903.1538869850053,Rock
Yalnız-Şebnem Ferah,69.83741554054055,0.40809837,0.28746286,0.32150286,0.077434875,22.218418,99.82551,0.12475852966308594,0.03867794037879182,2581.6761956198666,471.8021797012833,2566.4055352444416,275.6833283683879,21.723952030361996,12.056876328122435,0.024623472,0.017376315,5324.9760818481445,1003.8082965279873,Rock
Sevmeden Geçer Zaman-Redd,123.046875,0.36328143,0.28784397,0.2516088,0.05407138,13.997251,81.37981,0.12685012817382812,0.04573682587242544,2611.2364671088035,548.4552329241626,2600.9380324306007,283.5660382471904,22.98670938144769,10.860463215749226,0.024040485,0.022658901,5368.219127655029,1101.6144175882578,Rock
Özgürce Yaşa-Şebnem Ferah,95.703125,0.3605252,0.30612853,0.21839705,0.0480841,9.972254,52.347885,0.13526077270507814,0.06132857897595774,2757.0408093734754,770.263919418512,2683.938045774669,375.4488094612643,22.39326358125017,11.84077342381925,0.025560701,0.027305441,5722.919769287109,1398.26586102021,Rock
Hoşçakal-Şebnem Ferah,151.99908088235293,0.261545,0.30328268,0.24548478,0.09955586,13.460568,80.65829,0.13318290710449218,0.07647654954783317,2612.1391402883264,929.7362513035015,2427.630507464954,441.6311159296784,25.964195259283624,11.834426357063196,0.0128593575,0.0200175,5129.545440673828,1681.1592924507293,Rock
Bugün-Şebnem Ferah,129.19921875,0.2786132,0.2947596,0.2650193,0.045532253,15.867254,69.7754,0.09775047302246094,0.048938080649777595,2384.6240938426763,693.6976299021181,2724.3194092361605,301.5846481025579,25.173597660076776,11.263085375197763,0.012128765,0.018090611,5388.692493438721,1346.3013985735784,Rock
Birileri Var-Şebnem Ferah,107.666015625,0.36929306,0.2984517,0.32803017,0.0508416,21.039621,88.55518,0.1541736602783203,0.04671633708778302,2952.171830126557,502.64027877076245,2694.246356528902,241.25197792332182,21.496385309270444,12.138352449404298,0.04154692,0.028599316,6088.479537963867,930.6964586762233,Rock
Daha İyi Olmaz mıydı-Şebnem Ferah,95.703125,0.34238365,0.2984869,0.2336084,0.059002563,10.027956,45.90288,0.1724170684814453,0.05918242298383585,2990.591447250222,636.5952792865294,2700.4212935825376,331.5740862956545,22.83576461029378,12.06323197444488,0.035471044,0.027946444,6047.423458099365,1241.2133929028785,Rock
Can Kırıkları-Şebnem Ferah,129.19921875,0.3474169,0.29534873,0.2878473,0.07368072,15.502541,65.13995,0.17065353393554689,0.06399201259756065,3004.678248611325,736.0782090406783,2648.919241650091,380.9311410720096,22.791394740817225,12.189366924403767,0.039652683,0.03402397,6021.5752029418945,1529.8763323338044,Rock
Korkarak Yaşıyorsan-Şebnem Ferah,151.99908088235293,0.37542465,0.29721642,0.21756443,0.036631174,8.850117,35.243618,0.20529594421386718,0.07933484784385737,3597.85495513044,754.7489130294642,3022.786304912717,244.21994294123323,22.47380212869833,12.01288861069271,0.054551315,0.032200575,7487.414360046387,813.2537626119033,Rock
Kalbim Mezar-Şebnem Ferah,129.19921875,0.4094071,0.29052448,0.29984957,0.04523477,17.946299,77.2507,0.15674095153808593,0.04655270035263882,3028.1516198831123,494.2593733669168,2713.0443444146877,237.66478454413493,21.24945093533969,12.36450618405293,0.048227023,0.03198644,6219.832077026367,877.3956839286045,Rock
Ben Şarkımı Söylerken-Şebnem Ferah,117.45383522727273,0.34497234,0.29708084,0.22989324,0.090200506,11.684151,79.24657,0.15420951843261718,0.047172350374851374,2931.584948360775,599.5351778776582,2686.4301249927457,367.2975379710989,23.60061265430861,11.770491320175744,0.02941835,0.025208645,6001.816806793213,1329.6839595156425,Rock
Sözlerimi Geri Alamam-Ozan Doğulu,75.99954044117646,0.3580661,0.2960683,0.20533662,0.0539253,9.253317,48.644657,0.11017990112304688,0.04785315023800005,2313.9969946287783,664.2140464404008,2430.616386591893,418.0501887980517,23.60484318134816,12.173000633628611,0.015862856,0.02198913,4870.793724060059,1488.1606795303724,Rock
Erkekler Ağlamaz-Nilüfer,172.265625,0.3644155,0.28734913,0.26479846,0.07026992,15.88692,88.2277,0.11973037719726562,0.05925685887124976,2679.235870914946,832.8702626928913,2746.7119423924732,429.6270910941115,23.911345829391795,12.00619117316512,0.021186542,0.02410955,5849.595565795898,1711.394030723302,Rock
Ya Hep Ya Hiç-Şebnem Ferah,86.1328125,0.3900126,0.2904527,0.2764346,0.07356452,16.557074,81.23911,0.14463844299316406,0.05940735730796285,2934.9694466062647,579.4708274712841,2710.921857994332,256.477261625923,22.207434016619874,12.363162769005237,0.03608079,0.02770195,6151.430511474609,974.8179299691808,Rock
Deli Kızım Uyan-Şebnem Ferah,99.38401442307692,0.345452,0.2967969,0.20027351,0.051188644,9.030177,57.996906,0.12275924682617187,0.05522399390486476,2513.2003375909944,637.687330392429,2487.777906202321,324.125547783623,24.695597300728203,12.490352170965672,0.015976027,0.020306118,5188.887920379639,1261.8703068519371,Rock
İnce Buz Üstünde Yürüyorum (feat. Sebnem Ferah)-Cem Adrian,103.359375,0.44173476,0.28079844,0.21651669,0.035813067,9.802761,48.896484,0.11919288635253907,0.036236414297410764,2372.233276216549,361.50415779676894,2309.4017111215844,214.2334302456872,22.468590672690723,12.677092298258732,0.018486992,0.017422125,4643.189449310303,784.3087399275007,Rock
Babam Oğlum-Şebnem Ferah,92.28515625,0.35551456,0.2939198,0.21485968,0.061160445,9.365492,47.042984,0.16418914794921874,0.06688062967171793,2897.0466252831293,684.2584059885395,2598.303088132422,335.75304423364764,22.385406577352867,11.301109241435004,0.035556655,0.036999777,5682.923526763916,1304.5315393802493,Rock
Masum Değiliz-Şebnem Ferah,107.666015625,0.34042215,0.2974573,0.22146492,0.094746865,11.567338,64.07679,0.11729393005371094,0.05919653804754246,2606.5303108471535,665.3263104129732,2683.6748077494312,305.728839006039,24.338629383032973,12.10391488638917,0.017257564,0.018046936,5818.212604522705,1241.187961723408,Rock
Vazgeçtim Dünyadan-Şebnem Ferah,95.703125,0.3574726,0.3053403,0.2107178,0.07829573,10.495658,66.36713,0.1343555450439453,0.05813302447441094,2653.3280990011276,592.9821848609087,2603.6142091772535,302.3454245657989,22.882946462643172,11.9656285265938,0.021290304,0.02524315,5534.907989501953,1241.8705651763464,Rock
Eski-Şebnem Ferah,123.046875,0.34550884,0.29446182,0.28071848,0.08048823,18.385647,88.35936,0.11741867065429687,0.07668229177961645,2651.626552600662,849.76283757357,2712.0146378348873,312.67218797515915,23.779549631081693,11.118971032161184,0.021034459,0.02338096,5786.308135986328,1333.03180374032,Rock
Utangaç-Şebnem Ferah,143.5546875,0.3459605,0.28838578,0.25457072,0.07358487,14.357376,70.94261,0.1183349609375,0.05238597575855397,2592.268479537995,694.9993220734847,2680.0931644710327,400.9555515715305,23.447679745149024,11.932429506350948,0.021940786,0.022116017,5670.869979858398,1511.95203700065,Rock
Çocukken Sahip Olduğum Kırmızı Rugan Ayakkabılar-Şebnem Ferah,89.10290948275862,0.3716181,0.29624668,0.18793353,0.052760825,7.247602,33.446575,0.16271591186523438,0.06286293231877435,2996.6196489082313,642.2107123353635,2798.5413264375493,319.9766977755942,22.215531354155416,11.677249090865196,0.039802704,0.030249506,6370.791606903076,1242.9206523170508,Rock
Küllerinden-Şebnem Ferah,117.45383522727273,0.4173506,0.28071722,0.25969052,0.049068943,15.014155,76.33882,0.098779296875,0.045224890200427345,2198.905569960675,603.8086026390076,2367.9707436444805,394.65980311049117,22.61347245724869,12.94174989835612,0.015100336,0.01369454,4712.8947830200195,1384.4173054799749,Rock
İstiklal Caddesi Kadar-Şebnem Ferah,99.38401442307692,0.35900488,0.2962425,0.25339288,0.08927371,14.063487,72.73099,0.13630027770996095,0.07264746597053363,2731.5554159636586,742.1066806392455,2571.9966193567016,341.61482442075646,24.004869071403093,11.867885109937172,0.024062494,0.024683928,5583.416576385498,1320.9632639388772,Rock
Delgeç-Şebnem Ferah,95.703125,0.39283746,0.2871441,0.28877276,0.06299308,16.019474,67.469055,0.17280311584472657,0.05374496838259525,3190.778656866597,563.9991599523895,2754.2854483804795,294.96655822578714,21.861372517380577,11.699989949065134,0.05357092,0.035567302,6527.327899932861,1063.2573728547343,Rock
Durma-Şebnem Ferah,99.38401442307692,0.41022292,0.28535452,0.20585008,0.04444081,8.984713,51.710266,0.14089202880859375,0.0487731876070155,2934.434417419762,513.6860235720623,2725.9619438902614,252.75074804712847,22.184049742107227,12.456668122761704,0.0346322,0.025934,6176.875019073486,935.9128675216014,Rock
Koridor-Şebnem Ferah,151.99908088235293,0.3411974,0.2896869,0.27616027,0.04312941,17.01725,72.07201,0.09854927062988281,0.023060716620442498,2091.235954368132,355.2248929648347,2206.6534463543553,314.77144347871075,24.395571202058896,13.158965935751512,0.010257237,0.0106533235,4418.7983322143555,788.7256306666525,Rock
Çok Yorgunum-Şebnem Ferah,95.703125,0.26508528,0.29950786,0.16976365,0.0856885,6.5057807,41.644062,0.12701797485351562,0.06703456981296807,2617.937520016708,801.4740064675552,2542.7104410636534,462.67092936239885,26.643144781891632,11.647374711538086,0.010620853,0.022272615,5531.63595199585,1778.9484669459496,Rock
Okyanus-Şebnem Ferah,143.5546875,0.3868643,0.2936061,0.31371197,0.047926776,17.886566,73.30912,0.1729259490966797,0.05645693440391853,3062.1664213033623,549.8057237235205,2633.0864822226426,280.1154145768156,21.815773641299455,11.604877750832312,0.04233967,0.029609203,6006.1066246032715,1088.8601945524747,Rock
Kalbim-Şebnem Ferah,89.10290948275862,0.30183017,0.30350935,0.19448641,0.064379826,8.871821,56.30656,0.13224372863769532,0.056667995775075176,2876.044214585484,684.612836136503,2860.078921988566,357.29711176175744,23.57243479504912,11.107532711370329,0.027846629,0.02713716,6424.54891204834,1446.6988312611104,Rock
Başka Bir Yol Var-Şebnem Ferah,129.19921875,0.40333122,0.2822594,0.26624912,0.034705136,16.129972,69.37059,0.08636741638183594,0.03900638534172266,2113.1053176806713,618.9062818523264,2375.9030169215025,400.7712164201239,22.527739913076992,12.427945839160708,0.013460314,0.016037926,4638.899631500244,1375.0919775317857,Rock
Değirmenler-Şebnem Ferah,103.359375,0.37011167,0.29209593,0.11432757,0.049441077,3.3769517,27.004498,0.091082763671875,0.053123550184886535,2183.5493495396286,777.9894123138516,2448.5411411365358,443.5832211453896,24.460912655149848,12.96269965340013,0.009817758,0.013942352,4850.682048797607,1591.2262993986003,Rock
Sana Bilmediğin Bir şey Söyleyemem-Şebnem Ferah,172.265625,0.36474076,0.28319994,0.33318615,0.048480663,21.800877,77.00431,0.14472503662109376,0.04280575351807128,2745.604994810513,512.6457976902998,2569.941105555404,323.59666767546014,22.497141632742274,11.423975825783874,0.031728614,0.024751762,5511.271934509277,1172.4879518486227,Rock
Artık Kısa Cümleler Kuruyorum-Şebnem Ferah,95.703125,0.28186888,0.30015773,0.20341663,0.073240325,7.726808,44.71615,0.16689453125,0.08230743327582542,2997.4175249351147,849.3978837263477,2676.409107756512,301.76947506733666,26.164560153844707,11.341934428481741,0.02050805,0.02713327,6005.6524085998535,1491.8654640185714,Rock
Aşk-Şebnem Ferah,161.4990234375,0.3422557,0.29827204,0.19568875,0.04353534,7.5651717,34.72537,0.19131889343261718,0.06043399938191911,3492.7009270581766,622.683222815413,3070.452108997749,276.4156074084777,23.062257280217416,11.379100016951623,0.046886086,0.028926674,7455.308017730713,985.6906095292117,Rock
Anatolia (feat. Sebnem Ferah)-Pentagram,107.666015625,0.3764226,0.28567952,0.25570607,0.06478098,14.90523,86.53852,0.09985542297363281,0.0458448258860514,2107.5865842120074,539.3358375392639,2391.0405695394907,314.27779972287226,24.762430806818884,11.830536237192462,0.00823102,0.010892174,4403.649387359619,1115.361952616931,Rock
Kıramazsın-Şebnem Ferah,143.5546875,0.26498362,0.30186984,0.16056828,0.05254907,6.1949034,38.632236,0.09641342163085938,0.07055454894120126,2448.4929926477644,1014.0333066072982,2598.8185059784328,516.3600131206829,26.551623672415282,10.682823125664601,0.0111121135,0.018447878,5407.786388397217,1973.2465136600583,Rock
Ay-Şebnem Ferah,151.99908088235293,0.36829513,0.28604704,0.2134778,0.03748907,9.5487995,42.02988,0.131610107421875,0.050133996836860026,2673.8248644629293,589.9924988015814,2682.35939612362,338.58142079188804,23.258426126583878,12.359631553159296,0.023611292,0.01992838,5667.404479980469,1386.8702126023718,Rock
Perdeler-Şebnem Ferah,89.10290948275862,0.33637756,0.29147524,0.2263774,0.03948386,10.178722,42.623497,0.17909812927246094,0.061187952872464896,3404.7846693840343,522.2078602329818,2952.453862075495,203.36820368581863,23.273546393356522,12.097442128210444,0.044736594,0.034693457,7278.323593139648,743.836251523896,Rock
Ünzile-Şebnem Ferah,107.666015625,0.26798776,0.28460196,0.16563864,0.031547826,6.316457,26.266623,0.09661903381347656,0.02140740238875849,1994.2749173598258,295.4199519671513,2251.7380589858403,308.2293781031603,26.459899039845077,12.356643822458311,0.005112956,0.0064753247,4326.592483520508,713.0577891024675,Rock
Gitme-Dolu Kadehi Ters Tut,117.45383522727273,0.39218646,0.2914633,0.25462237,0.06882181,16.03294,78.366,0.05686454772949219,0.028376870753349517,1406.9655188291576,616.257013771118,1816.150297447211,475.8236498625988,23.57535679476106,11.500124053435854,0.0031972663,0.0066374675,2922.619228363037,1442.1948788433283,Rock
Hiç İyi Değilim-Dolu Kadehi Ters Tut,78.30255681818181,0.45964718,0.27336246,0.2704726,0.04795327,15.020857,76.49692,0.13288841247558594,0.04421163615832031,2654.1139521996506,517.7159129223802,2468.3600183595127,275.37627463267427,23.01004054017529,11.847400588980062,0.025879925,0.022158654,5413.312683105469,1069.236824798315,Rock
Yapma N'olursun-Dolu Kadehi Ters Tut,99.38401442307692,0.32023802,0.29471654,0.23110986,0.056611896,13.288442,71.03043,0.048274993896484375,0.020910253579581994,1411.6505537561798,567.9670329722873,1920.2305075621584,497.5630208150833,24.68749432065999,11.381594709059302,0.0028572027,0.0051607774,3189.66459274292,1421.6309446165017,Rock
Olabilirdik-Dolu Kadehi Ters Tut,143.5546875,0.37887266,0.28364125,0.30364072,0.038374323,19.923656,76.59809,0.10632133483886719,0.02081096776050992,2198.6657470346026,343.8559377206804,2312.0395600543084,237.5406561914962,22.284798540479766,12.192185339215472,0.016913455,0.013123352,4622.505798339844,802.9693328846747,Rock
Madem-Dolu Kadehi Ters Tut,95.703125,0.38406268,0.29457042,0.2226973,0.087077014,12.141375,64.93571,0.11887893676757813,0.05786397476722415,2276.317863611538,713.2279052536329,2166.0722791347252,425.3474683456456,22.958318558495034,12.320589094266781,0.01836158,0.027407615,4459.366550445557,1348.1766904108904,Rock
Kaçar Gider-Dolu Kadehi Ters Tut,129.19921875,0.33125582,0.29419515,0.15383181,0.050216697,5.995104,37.125202,0.06423072814941407,0.048521738983452495,1692.5318810329475,824.6009286741323,2055.343046221164,555.7890937996683,24.499420895559037,10.472757833792416,0.008666201,0.018129703,3573.090190887451,1816.2735661921083,Rock
Gelme Aklıma-Dolu Kadehi Ters Tut,92.28515625,0.41193575,0.27884418,0.2782525,0.04280961,17.030653,67.830505,0.10813484191894532,0.04665488371787347,2431.4338976489767,645.5717198261857,2531.2860563392037,297.5334015673269,22.44388983063262,12.199103040312615,0.0211377,0.02058673,5220.077419281006,1163.7229984872738,Rock
Aldattın Mı-Dolu Kadehi Ters Tut,95.703125,0.3664719,0.30473745,0.16329713,0.050674684,6.512263,39.50985,0.0869659423828125,0.05756513790406316,2209.722251465671,867.4972330404339,2432.5936035222107,523.3366422543963,24.190413300473192,10.916690929060675,0.014330821,0.023581924,4735.252304077148,1935.3627391229436,Rock
Yalan-Dolu Kadehi Ters Tut,99.38401442307692,0.37708086,0.3022489,0.23890436,0.0836947,14.68703,100.556854,0.071734619140625,0.054785834527534286,1930.638692339729,785.1004864533587,2247.0224255763433,445.48769975510294,23.05674185336183,11.709306380996681,0.009390125,0.018608622,4149.355716705322,1493.8336819647784,Rock
Neyin Nesi-Dolu Kadehi Ters Tut,103.359375,0.43557402,0.2848067,0.1591744,0.050986767,5.7295847,40.521515,0.1372509002685547,0.05952908804234413,2679.9162458387177,698.9137256937421,2508.7079113519694,382.2121676620426,21.828052576363948,10.955855046796705,0.03661288,0.03850294,5431.977596282959,1398.1922792612352,Rock
Ol Bana Razı-Dolu Kadehi Ters Tut,112.34714673913044,0.40938723,0.28524223,0.28027028,0.061607435,18.707516,83.85921,0.07113075256347656,0.03588480623464049,2013.5946376240845,657.2408415077821,2381.900474459665,432.8409791952031,22.34114864910152,12.168825689846226,0.012244852,0.015855191,4521.308155059814,1576.5834131513413,Rock
Nasıl Kalalım Ayrı-Dolu Kadehi Ters Tut,129.19921875,0.29535782,0.30003223,0.18299583,0.075667284,8.989067,52.64302,0.06392974853515625,0.037899621376019654,1793.7562523740344,715.5411781741574,2246.368385534528,516.8077643069197,25.410725551372405,10.81732221407777,0.00591819,0.012358658,3815.3303146362305,1789.1391091438068,Rock
Karanlık-Dolu Kadehi Ters Tut,123.046875,0.37430826,0.28513715,0.29092523,0.05942908,20.362663,96.81483,0.05822296142578125,0.03260457225359781,1698.5467151042444,791.1485776157616,2157.907399483647,560.6344125799766,22.130532963109594,11.54571995312691,0.0065542385,0.011028902,3652.964916229248,1895.822202032572,Rock
Aldattım-Dolu Kadehi Ters Tut,99.38401442307692,0.34452534,0.30448034,0.12957269,0.052130483,4.2676253,28.60746,0.12302932739257813,0.0742021446058774,2630.93764425857,797.0619961371127,2604.773767671549,366.2224618005637,22.48208077083437,11.472255513033378,0.027272454,0.033333663,5594.427108764648,1421.2438710374342,Rock
Yarısı Yok-Dolu Kadehi Ters Tut,99.38401442307692,0.4174777,0.28341672,0.24764319,0.06488766,13.749791,63.499928,0.12098312377929688,0.0659561615916722,2433.9700383984064,836.1658365938454,2419.122870211151,518.632744389191,22.0329801765489,12.820477261218663,0.029500227,0.033112165,5163.056488037109,1663.8850481094698,Rock
Belki-Dolu Kadehi Ters Tut,151.99908088235293,0.29653797,0.31199548,0.16009495,0.05732592,6.66642,42.640182,0.061374664306640625,0.044576564060931315,1940.6443777758013,899.5139958384035,2406.585065654245,541.6963671385499,25.76577000388998,12.129064005567718,0.006217311,0.012215843,4382.24235534668,2046.5721161387319,Rock
#24-Dolu Kadehi Ters Tut,172.265625,0.37621966,0.30145684,0.29028755,0.09435267,21.205523,112.077484,0.062058639526367185,0.033247058022070744,1764.5851719438688,679.6302066848301,2188.2130219694723,523.4472286443877,22.84164971648324,10.951280702610292,0.0067716404,0.009430981,3856.058349609375,1677.052891314212,Rock
Islansın-Dolu Kadehi Ters Tut,95.703125,0.45685342,0.27433014,0.16413876,0.043463994,6.378602,46.910313,0.10152397155761719,0.0378743604538485,2355.7901569911837,466.86200870063954,2425.5181187408934,319.4756949606444,21.28995154056143,11.195612782335267,0.02194808,0.024771024,5224.241065979004,869.2060913425539,Rock
Anamız Babamız Yok Deriz-Dolu Kadehi Ters Tut,151.99908088235293,0.33321148,0.2907157,0.22197708,0.05295988,11.131079,47.050106,0.10119285583496093,0.04149065465129918,2237.9031670710638,596.1013642607398,2376.0104509277517,370.0030257981442,22.775868092762213,10.951006428920785,0.016140997,0.019591905,4653.602771759033,1280.2485623903463,Rock
Sana Bakarken-Dolu Kadehi Ters Tut,89.10290948275862,0.40258414,0.27763525,0.29013684,0.039583843,18.58703,69.78089,0.10217208862304687,0.04735177873149793,2264.4869615920024,672.2224316139975,2375.116708075561,335.0926706942587,22.46721701024393,12.43309469254254,0.019191276,0.02411053,4777.208404541016,1279.0294414272712,Rock
#22-Dolu Kadehi Ters Tut,117.45383522727273,0.34397456,0.30004817,0.18151999,0.050359484,8.320208,51.21247,0.041896820068359375,0.03214913856428804,1438.6554793284995,818.7357570508935,2020.8853009965344,551.937201378851,24.06115146395712,11.230939414299097,0.0054063364,0.014613114,3047.797794342041,2003.1753148368737,Rock
Sen Ve Ben-Dolu Kadehi Ters Tut,151.99908088235293,0.28974196,0.2961868,0.11893568,0.03708942,3.3220196,18.852524,0.09860153198242187,0.06062555852808935,2125.1511269819093,860.4003226094552,2255.962814606143,451.7452386299545,25.658965044809428,12.333953421620805,0.010932693,0.02048318,4132.129154205322,1662.3861756324345,Rock
Bir Bildiğin Vardır-Dolu Kadehi Ters Tut,83.35433467741936,0.45595965,0.2835098,0.31128,0.078932896,22.738161,142.36647,0.10142288208007813,0.044336307513325166,2567.633228422214,646.2581863074917,2659.992154329358,347.43795403970853,22.86893707390799,11.405497677951198,0.022689257,0.023356251,5682.814178466797,1439.3405085089641,Rock
Korkmuyorum-Dolu Kadehi Ters Tut,161.4990234375,0.38774434,0.27959868,0.2561686,0.054795977,14.901491,58.353355,0.09816741943359375,0.03764294754291006,2246.5432759493187,642.699670643426,2418.4791571254896,433.2230591486605,22.956668546754067,12.21998381925933,0.017756436,0.01558648,4851.127853393555,1468.0550734101482,Rock
İçimde Bir Sıkıntı-Dolu Kadehi Ters Tut,151.99908088235293,0.38435984,0.2818696,0.2870769,0.030560974,18.531113,63.136826,0.09080657958984376,0.030799083080841554,2132.939164863121,528.3491184829285,2393.388557504613,324.9011977330292,22.12706507333458,11.824398516543601,0.014248942,0.015172287,4786.620769500732,1129.2683488448647,Rock
Biraz Delisin-Dolu Kadehi Ters Tut,103.359375,0.32896727,0.29670435,0.13089083,0.04702311,4.0612683,23.509123,0.1404754638671875,0.06803538786910078,2863.3986234248796,817.4880175595619,2650.8110464412807,377.361375617305,22.616557021820967,11.04406853056503,0.041187797,0.03992235,5930.563774108887,1385.2901384416107,Rock
Yangın-Dolu Kadehi Ters Tut,99.38401442307692,0.4819264,0.27081084,0.19171074,0.045847576,8.908843,61.108196,0.060446548461914065,0.027047207874221064,2110.212254439907,518.5157932379437,2547.6045287458555,245.69553856898426,21.923465692256183,11.013937018504416,0.014122887,0.01790024,4754.405078887939,1228.6045514373552,Rock
Aynen-Dolu Kadehi Ters Tut,103.359375,0.44222182,0.27549312,0.29513153,0.035252005,18.229176,75.54876,0.10908660888671876,0.031535228238625486,2255.5673891055512,390.2635644254954,2287.0627846593243,225.5510129604646,21.86710647192852,12.513473826080848,0.018094873,0.014915123,4592.687358856201,820.506372079113,Rock
Öylece Durdun-Dolu Kadehi Ters Tut,86.1328125,0.3980989,0.28715786,0.20786229,0.09164909,11.933964,105.7981,0.06235580444335938,0.034125902560554054,1536.0932155163973,628.2118771003686,1911.4174567817615,563.969347927047,23.787517011608276,10.783469162234379,0.0064147143,0.014033653,3161.1499214172363,1520.8874931526464,Rock
Siz Bana Aldırmayın - Akustik-Dolu Kadehi Ters Tut,117.45383522727273,0.31681633,0.29228815,0.18974474,0.06523035,9.178313,51.80928,0.0606475830078125,0.02608686258452836,1420.3645073595817,574.3597201283133,1780.6575525141138,464.5635893579158,26.736543250278828,10.786157016822502,0.0028698873,0.008178447,2730.6793212890625,1380.671763264057,Rock
Tanrının İşi-Dolu Kadehi Ters Tut,117.45383522727273,0.36324546,0.2999885,0.2233262,0.07651805,13.009058,97.11507,0.051680374145507815,0.03501791973594397,1617.4338943959326,828.8810212774143,2196.2405839939993,516.0587086586014,24.70001802287192,10.612028236095302,0.0049825176,0.010798342,3572.9135513305664,1865.177477553497,Rock
Olmaz Mı-Dolu Kadehi Ters Tut,103.359375,0.40850645,0.28459388,0.27623492,0.05267176,17.26508,74.391106,0.10060043334960937,0.05832788050355789,2386.411128353275,761.4786367287428,2509.1254626767136,368.4936309601805,21.911041804649482,12.032318170658135,0.021283995,0.02427191,5164.730358123779,1444.479116245009,Rock
Sana Bu Kadar Uzakken-Dolu Kadehi Ters Tut,95.703125,0.46426657,0.2732117,0.23981304,0.06572062,11.640157,82.79776,0.19000663757324218,0.0669845534380063,3263.2530139958376,705.23140474876,2659.0744057925654,309.2413559971315,22.630090658273748,11.620225015966916,0.05471887,0.03985183,6388.077049255371,1173.0096941552465,Rock
#27-Dolu Kadehi Ters Tut,89.10290948275862,0.4107354,0.2853984,0.2937445,0.07180188,19.125656,107.488495,0.13791427612304688,0.07371009974374435,2766.6991671391015,828.9744221618455,2594.061684819637,339.900002836105,22.271092711352875,11.361407751401039,0.039242763,0.04063658,5744.587554931641,1334.5310111611363,Rock
Bayılırız Deliliğe-Dolu Kadehi Ters Tut,99.38401442307692,0.5159106,0.2629609,0.2703207,0.08941867,18.238361,164.71051,0.07860145568847657,0.04115993962212965,2453.537988157358,748.9568968339739,2633.4112974193754,440.0713617657951,22.106173544829385,11.355383291919,0.020041816,0.024043273,5483.438587188721,1608.3003902254247,Rock
Ölüm Dansı-Dolu Kadehi Ters Tut,135.99917763157896,0.36723083,0.2818385,0.27295715,0.041702557,16.911316,61.966927,0.085174560546875,0.03880639761636938,2000.6363480253262,576.8096666146796,2289.6820552636264,336.48736567857964,23.313557899405616,12.191484036580274,0.01102169,0.01605358,4325.65881729126,1264.2844472794945,Rock
Çöpçatan-Dolu Kadehi Ters Tut,112.34714673913044,0.3258952,0.29443246,0.11689343,0.035132643,2.954654,19.696568,0.13909683227539063,0.04481026939776013,2486.31200416263,632.9311782360201,2287.1518533854587,396.81485105113944,23.737663516318715,11.840014866719883,0.022267053,0.027674885,4916.476078033447,1325.6560714790705,Rock
Sevdirmeden Gidemezsin-Dolu Kadehi Ters Tut,89.10290948275862,0.47297698,0.28093103,0.16051105,0.054210804,6.5572953,49.243855,0.06814155578613282,0.043910857109233266,2119.0845819202395,845.4298658151716,2477.7829300123167,429.9248020499549,21.481986429801818,11.163933164950357,0.017341984,0.02665175,4588.313426971436,1807.2030552883077,Rock
Portakallı Pekin Ördeğim-Dolu Kadehi Ters Tut,143.5546875,0.2602658,0.29783532,0.17012322,0.04676314,7.1740637,38.29825,0.06606559753417969,0.028233058269671058,1608.4425720929182,573.3237918895182,1984.6868381218014,501.0840266153294,24.983229623596657,10.134586750090259,0.004663095,0.0112262685,3183.4149169921875,1554.4516028274775,Rock
Zor-Dolu Kadehi Ters Tut,107.666015625,0.45948943,0.2966748,0.1562442,0.07015894,6.7230444,58.03338,0.08585968017578124,0.053055698210696424,2100.488219583091,771.5291085487949,2379.303581257519,468.2520286430798,23.022476965322294,11.80225487990668,0.016619172,0.024433069,4650.759716033936,1682.4742893541445,Rock
Beni Yordun-Dolu Kadehi Ters Tut,86.1328125,0.359772,0.29572642,0.123794556,0.05903362,4.1801486,40.288467,0.10853805541992187,0.05622841259666738,2479.8114580784486,791.8454220047763,2603.431615880416,429.90081376033976,23.025663940304835,11.476922098920907,0.024870569,0.028326096,5356.855316162109,1661.538735674086,Rock
Yoksun-Dolu Kadehi Ters Tut,112.34714673913044,0.4155002,0.2962982,0.1511461,0.06464147,6.051061,53.486614,0.1073944091796875,0.07406045691321911,2747.2792571812206,923.1654094225482,2759.2501108086826,381.0979243741048,22.716485770158986,10.572728787515853,0.035369355,0.055424,6002.085971832275,1631.4596568191948,Rock
Filozof-Dolu Kadehi Ters Tut,151.99908088235293,0.3407875,0.29662052,0.15696496,0.055189345,6.450078,29.006514,0.05618133544921875,0.027087005871917924,1412.7727364399873,544.4845184804402,1858.4329033676124,481.1035902317235,24.786256337668878,10.392151982274568,0.0034375363,0.010014685,2739.561767578125,1465.3920720514702,Rock
Duvar-Dolu Kadehi Ters Tut,135.99917763157896,0.48117262,0.28365034,0.22378846,0.063576244,11.474306,89.8101,0.11736869812011719,0.06786274032571073,2821.946180470624,929.4388383950634,2567.4514845360754,397.52840961352723,22.886697556010407,12.403958941652705,0.029073944,0.034890603,5765.51513671875,1546.2817569517085,Rock
İlan-ı Meşk Manifestosu-Dolu Kadehi Ters Tut,129.19921875,0.34562314,0.29380357,0.14550956,0.04619554,5.241969,23.598444,0.10435371398925782,0.07837689091689727,2390.656951277595,993.3406417546697,2575.7979017223147,436.6385593045633,22.98410511424439,10.891583675067718,0.022409372,0.033789545,5075.115222930908,1930.4207691962092,Rock
Pamuk Prenses-Dolu Kadehi Ters Tut,151.99908088235293,0.30408832,0.30512562,0.113763645,0.045625392,3.2434247,20.710552,0.09300918579101562,0.05088090585501527,2173.285668463338,764.9895229695871,2331.316951562107,444.22889895185176,24.950597142062485,11.360223636951774,0.012795609,0.023361145,4510.777072906494,1682.7874743764946,Rock
Evim-Dolu Kadehi Ters Tut,99.38401442307692,0.3177758,0.31769255,0.25740477,0.0718855,16.847464,130.36954,0.03276138305664063,0.02828306304231993,1657.2019219036579,902.6354416452118,2406.6276204598516,587.9183097277751,24.311803392870615,10.37929605792758,0.0037730343,0.007867495,3787.269859313965,2254.8194227639865,Rock
#25-Dolu Kadehi Ters Tut,92.28515625,0.3775075,0.30528203,0.12146471,0.061968766,4.058503,39.06794,0.10070838928222656,0.04629590128671182,2277.213754586305,818.3944931920389,2380.4825381112196,560.0489532821085,22.96282862960101,10.876431486845648,0.026369572,0.040447887,4799.5659255981445,2008.4520413252762,Rock
#23-Dolu Kadehi Ters Tut,95.703125,0.36940286,0.2934218,0.13372302,0.056188267,4.600173,27.793522,0.12220497131347656,0.07392022132024023,2595.211005887307,858.0283728569103,2623.0698302117207,372.2552709196399,22.215050339526012,11.585552494418874,0.030578867,0.036880635,5519.632873535156,1624.8396279523367,Rock
Uyanalım N'olursun-Dolu Kadehi Ters Tut,95.703125,0.41551796,0.28134963,0.1879636,0.05482485,8.89479,55.266434,0.05888862609863281,0.032855078287009634,1798.2071326249418,838.9410437401383,2298.3145260210413,568.8076062594939,23.622982556075833,10.583012627617773,0.008906295,0.017561572,3899.3350410461426,2016.976735088421,Rock
